UGGAACUCACUGGAAAGUGAC,AUCACAUUGCCAGGGAUUUCC
GAGCCCAAGCCGGUGAGAAUGUGAA,AUCACAUUGCCAGGGAUUUCC
UAAAAUUAAAUGGCUUUUAAAAAUGUGAU,AUCACAUUGCCAGGGAUUUCC
AACAAUUCCAGUAAAUGUGAA,AUCACAUUGCCAGGGAUUUCC
UAGAGUUGAUGCUUAAUGUGAU,AUCACAUUGCCAGGGAUUUCC
GAAGUUCAUACCUAAGUACUGUA,UACAGUACUGUGAUAACUGAA
UCUCUGUUAUGUACUGUA,UACAGUACUGUGAUAACUGAA
UGAAUUUUGCAGUUUUGCACA,UGUGCAAAUCUAUGCAAAACUGA
UUCACAUCCUACCCCUUUGCACU,UGUGCAAAUCUAUGCAAAACUGA
UGACAUUAUAAUGGGCUUUUGCACU,UGUGCAAAUCUAUGCAAAACUGA
CCGGCCGCCUGCGGCACUGCCU,UGGCAGUGUCUUAGCUGGUUGU
AUAAGAAGCAUGCACUGCCU,UGGCAGUGUCUUAGCUGGUUGU
UGAGCCAGUCUACACUGCCU,UGGCAGUGUCUUAGCUGGUUGU
CUCAGUGCCACUUAACAUUCCU,UGGAAUGUAAAGAAGUAUGUAU
GGGCAUGGUAUUUGAGACAUUCCA,UGGAAUGUAAAGAAGUAUGUAU
CUGCUGAAGUUCUGAGCC,UGGCUCAGUUCAGCAGGAACAG
UCUACCAGAACUAAGCACUUUG,CAAAGUGCUUACAGUGCAGGUAG
AAUACCUGCAAUAUAAGCAAGAGG,CAAAGUGCUUACAGUGCAGGUAG
GCUUUUCCUUUUGCACAUUCCA,UGGAAUGUAAAGAAGUAUGUAU
UUACUAAUUUGUUUGACAUUCCA,UGGAAUGUAAAGAAGUAUGUAU
CUGAUUUUCUAAUCACAUUCCU,UGGAAUGUAAAGAAGUAUGUAU
ACGCACUGACUUUGAUAUUCCA,UGGAAUGUAAAGAAGUAUGUAU
GCUCAGCUGCCUGGGCAUUCCU,UGGAAUGUAAAGAAGUAUGUAU
UAAAAAACAUUUGUACAUUCCU,UGGAAUGUAAAGAAGUAUGUAU
AGCUUCAAGACUUUGCAUUUCC,UGGAAUGUAAAGAAGUAUGUAU
GGGUGUUAAGACUUGACACAGUACCUCG,UGAGGUAGUAGGUUGUAUAGUU
AUUAGUGUCAUCUUGCCUC,UGAGGUAGUAGGUUGUAUAGUU
GACAGUGGAAGUUUUUUUUUCCUCU,UGAGGUAGUAGGUUGUAUAGUU
GGUUCAAGCGAUUCUCGUGCCUCG,UGAGGUAGUAGGUUGUAUAGUU
GAUUCACCCACCUUGGCCUCA,UGAGGUAGUAGGUUGUAUAGUU
AGUGCUUAUGAGGGGAUAUUUAGGCCUC,UGAGGUAGUAGGUUGUAUAGUU
AAUGCCCUACAUCUUAUUUUCCUCA,UGAGGUAGUAGGUUGUAUAGUU
GGCUGGUCCGAACUCCUGACCUCA,UGAGGUAGUAGGUUGUAUAGUU
ACAGCACAAACACACCUC,UGAGGUAGUAGGUUGUAUAGUU
GGCUGUCUGACCAGAGAAUGCACCUC,UGAGGUAGUAGGUUGUAUAGUU
AGCUGUGAUCAGUGAUUUUCAAACCUCA,UGAGGUAGUAGGUUGUAUAGUU
AGUUCUCAGAAUAACUACCUCCUCA,UGAGGUAGUAGGUUGUAUAGUU
ACUCGCUCACUGCUAAAAUAUUUGAAUGUA,AACAUUCAACGCUGUCGGUGAGU
CUUAAUAUUUGCAUGAUAAGCUA,UAGCUUAUCAGACUGAUGUUGA
AUAUGUAUCAGCUAGCAAUA,UUAUUGCUUAAGAAUACGCGUAG
UAGCGGCAUCAUGGCCAGUA,AACUGGCCUACAAAGUCCCAGU
AUGCUAAAUCCGCUUCAGUAUUU,UAAUACUGCCUGGUAAUGAUGA
AUUGUUUUAUCUUAUCAGUAUUA,UAAUACUGCCUGGUAAUGAUGA
AGUGGAAUAUUCUAAUAAGCUA,UAGCUUAUCAGACUGAUGUUGA
GCAAAGAAGAUGUUUUGUGGUGCACUGA,UCAGUGCACUACAGAACUUUGU
GCAAAGAAGAUGUUUUGUGGUGCACUGA,UCAGUGCAUCACAGAACUUUGU
GUUACUGGCUUCUCUUGAGUCA,UGGCUCAGUUCAGCAGGAACAG
ACCUGGCUGAGGAGCUGGGCCA,UGGCUCAGUUCAGCAGGAACAG
GAGACUCUGCGCAGAGCACUUUG,CAAAGUGCUUACAGUGCAGGUAG
AUCGAUACAGAAACCACGCUGCCG,UGGCAGUGUCUUAGCUGGUUGU
GCACUGCAGGCCUGGUACUCAGAUUUUGC,AAAGUGCUGCGACAUUUGAGCGU
ACAGACUCUUACGUGGAGAGUGCACUGA,UCAGUGCACUACAGAACUUUGU
UUAGUGUCAGCCGUGGGAAAUGAGCCA,UGGCUCAGUUCAGCAGGAACAG
CUCUCACAGGCAGCUCUGAGCCG,UGGCUCAGUUCAGCAGGAACAG
ACACAUGCAGUAGCACUUUG,CAAAGUGCUUACAGUGCAGGUAG
UCGAAUCAGCUAUUUACUGCCA,UGGCAGUGUCUUAGCUGGUUGU
UAACCCCCACACCCCCAUUCCG,UGGAAUGUAAAGAAGUAUGUAU
CUUCUUUCUUCUUUUCUCUCCC,UGGAAUGUAAAGAAGUAUGUAU
CUGUACUAAUUCUUACACUGCCU,UGGCAGUGUCUUAGCUGGUUGU
AAAACUGGACAGUCACUGCCA,UGGCAGUGUCUUAGCUGGUUGU
ACACCCAGCUAGGACCAUUACUGCCA,UGGCAGUGUCUUAGCUGGUUGU
AUUCCAUUUCCAAGCACUUUCAGUCCAAUA,CAAAGUGCUUACAGUGCAGGUAG
GGUUUUCAGGAUAUAACAGCACUUC,AAAGUGCUGCGACAUUUGAGCGU
CCUGUGGCACUCUAUAUGCACUUUG,CAAAGUGCUUACAGUGCAGGUAG
CUAGCCAGAGCCCUUCACUGCCA,UGGCAGUGUCUUAGCUGGUUGU
AGGAAUCCCCAACAUGCACUGA,UCAGUGCACUACAGAACUUUGU
UUUCAAGUGCCUUUCUGCAGU,CAAAGUGCUUACAGUGCAGGUAG
AUUCCAUUUCCAAGCACUUUCAGUCCAAUA,CAAAGUGCUUACAGUGCAGGUAG
GUCCAAUGGUUUUUUCACUGCCU,UGGCAGUGUCUUAGCUGGUUGU
GAAUUAGAUACUUGUCACUGCCU,UGGCAGUGUCUUAGCUGGUUGU
UUUUCUGGGGAAAGACACUGCCU,UGGCAGUGUCUUAGCUGGUUGU
UUUACACAGAAACACUGCCU,UGGCAGUGUCUUAGCUGGUUGU
GAUGAGGAGGACAACACUGCCU,UGGCAGUGUCUUAGCUGGUUGU
ACUUGUUUCAAAUGCAUGAUCA,UGGCUCAGUUCAGCAGGAACAG
AAUCACCUAUGAACUUGUUUCA,UGGCUCAGUUCAGCAGGAACAG
UGUUUCUCUGUAAAUAUUGCCA,UGGCUCAGUUCAGCAGGAACAG
GCCUCAAAUUGGACUUUGGGCA,UGGCUCAGUUCAGCAGGAACAG
CUGGCAAAUAUAUCAUUGAGCCA,UGGCUCAGUUCAGCAGGAACAG
CCUUGGCUGAGUCUUGAGACUG,UGGCUCAGUUCAGCAGGAACAG
GUGGGUGCUCUGGGCUGAACCA,UGGCUCAGUUCAGCAGGAACAG
CGUGUGUUUGUAUGUCUGUGUA,UGGCUCAGUUCAGCAGGAACAG
AGGUGGAGGUUGCAGUGAGCCA,UGGCUCAGUUCAGCAGGAACAG
AUCAAUUUGCUGACUUGGGCAU,UGGCUCAGUUCAGCAGGAACAG
CUUGGCUUUCGAGUCUGAGUUU,UGGCUCAGUUCAGCAGGAACAG
CUUUGCCUUUAUCUCUGAGGCU,UGGCUCAGUUCAGCAGGAACAG
CACCUGGCAAUCAGCUGAGUUG,UGGCUCAGUUCAGCAGGAACAG
UAAAUUUUUGUAUAGACAUUCCU,UGGAAUGUAAAGAAGUAUGUAU
UCACCCAUUAGGUAAACAUUCCC,UGGAAUGUAAAGAAGUAUGUAU
