SEQ1,SEQ2
GCUGUAGGGGCAACGUCAUCUAAGAGAUCGGAUCAGGGCGUCGGUCGAAUAUUAUGCUG,CCAUGUCUAUCUCCGUGGUGUUACUCGACACCGGUCUAAGUAGCACGGGACCUUCGCUG
UAUGAUUCUAAGUAGGUCAAGCGAG,GGAAUAGUGCAUCCCAGCAUGGACG
AGAGACAAUUGUCUUCCACAGACUCGAGGCUAUAUUAUAUGGUGGAAGUCUCGGGGUGUCACCCUAACUGGUUGCCACGACUUGCGUUCAUAAUUAGAUA,AGCGCGCGAUCGUUUUAAAGGCACAGGGGCUUGGUCAUAUCGCCGUACAUGCACCAGAGGUCUCCGGCUGCCCUGGGGGAUCACACCCUUAUCUUUAGUU
CGCGAAGUGGAUAAGUAGCUAUUGGGGUGCGUAAAAGACGAGUAUGCCUCAUUGAGCGGAUGUCAACCA,GAAGCUUCUCCAAAGGUCAAAUACCAUAAGGUUCACGGCCGGACCUCGAGCGUACAGUCUCCUCAUGGC
GAUCCUCACCGUAAAUAGUCGUGCACAUAAGCGCAGAUGGAGAUCGGUAUACCGAGCGACUGGGCCCCCUCGUAUAUAAACUCUCGAUACAAGACGGCG,UUAACAUGUCCUUUACCGCAACUUGCUCCUGUCGGCUCCUGACGCCCAGGUGGCUUUUCUUGAGAGUAGCAGAAAAUCUCUAAACUGCAGCAAUACCCG
ACCGAACCCGACAUCACAGUACACCGACGCGUUUACCUGUCGCUUGU,UUAACCGUCGGGUGUAAAUUUCGGUGAUAACCCACAUAAAUGCGAUU
CAGCAGAUCCCAUCUACCGUCACCUAUGAGGUCGGAGAUCUAG,CCGAAGCUACUAACCCAAGAAUCACCUGCACCCGACGGUAAUA
AGAUAACACCGCGCCGCGCGAAUAUGGGGCCGUAAACGGAUCAGCCACGCAUCACGUAUCC,AGGGGGUACUGAUGUCGACCCGCUGAGUGUUACUCCAAUUCAAUGAGCAGACCGUAAGGUA
AUGCAGGCCUCCGCUUAUGCACUAGACGUAAGCGCGCC,CUGUGAGCACACUCGCGUAUUAAGAAUCUUUUAGCCUG
CCGGAACUGGGCUAUGAUACGUAUUCUGAUCCGUCGAGCUUCGUGACCUAGUAGGAGUCGUUGAUUAAGUACGCUCUGAUAACCCCGGCCUA,UAUAGGUGCGGUACGCGAUUCUGGGGCCAGCCCUUCUGUACUUCCCCGGUACUACGAGUGCUCGACCGAAGCUAAGCCCAACCUCUAUACAG
AGUUUAUAUACGGUCUGGUUUAGUUAGCUUACCACCCCCUGUCGCUGCCUUUCUUCCGUAGUUAAAGAAUAGGGCUACUACGGCCUAGGACGAGGGCUU,AAUACUCGGCGCCUAUGUACCUAAGCAGCGCGGUAACAAUCGGGCACUCUCCAGGUUUUAUGGACUCGUAGGUUGGCAGCUUGGAUUAAACGGUUCGUA
UUGACUUGGCAAAUGAUUUAAUGACCUAAAAGUGUCUUCCGUUCUAAUGAUACCGUCAUA,UAUAAUUUGGCAGAAGGCGCACAAAAAGCCAACAUGGACAACGUAUCCGGGUACGCUGAC
GACGAGCUGAAGGUUUCUGAUCAUUAUCUGUGUGGGAA,AGCCGUUCGAGGCUAUGGGGUAGCACCCCAACGGGUCC
GUUAUGGCUGCAAUUAGUCAGACUGCUUCUGCCAGCUAUUAUCUAAUAUUCUUCAAUUCUACUCUUACUUUAAAUUUAGACGAAUAGGAGG,UUAAUCAAGUAGGACAAUAAUUCAUUACUGUAUUCACCUACCCCCGCUAGUAUGUAUGUUAAGGUCAAAGAUACAACUUGUAAACAACGUC
CGGGGAGAAGGUUAAGCCGUGCUCGCAAGUACAUUCGAACAUGACUGAGCGAAAGAAUUGUAAUACGGCAUUAAGACGAUGCG,CAAUGCGUGCGCGAAGUGGGACCAGCUGUCCUCUACAAACAUCGUUCGUUCAAGCGGAAAUUGAUCUUGCAAAUAACUAACAU
GGCGGAUAGGGGUAGGUCCACAAAGAUAUGAAGAUGAAAUGUUUGAAAAAGUUUGGUAACACGCAUAGACAGAGCAUUCCCAU,UAACAUAAAUUAUUAGCCAUGUCACGUUACGUGUUCCUCACAACCAACCGGAUUCAUCGCAGCAGUGCAGACAGAACCAGAUU
CUGUUAUAGAAAUCACACGACAGCGAGGGGCAUUGUCCGAGAUGUCCCAGCGGCUACU,UAUUCUUACGGCUAUAACGAUGGAUUUCCAUCGAUGAUAACAGACCAGAACGUCAGUG
AACUAAUAUCCCGUAUCAAAGCGGGGCCGGUUAUAAUCGAGAAGAGCGUAAUCUUAGCGCCGUGCCAGGGAU,AGUUGGACGCCAUACAACCUGGAAAUACAGAGGUAAGAUGCUUGACUUUCACGCAUGUCGCUCCUGACUCGA
AGAAGCAUCACACAACGGCGCAUUCGAGGGUCUGAGUCAGGCGGACGUGUUCUUGCGCUUUUGACCUCACUCCACUACUGGCGCCCGCUA,ACGCUUUUACAGAGUAUGGGAUCAGCGAGAUCGUCUAGAGUGGGUUGACAAGCAUCCAAUUCAAUGGGCGAACCCACUCCUUAGCCUCCG
AAGCGUCCACCUAUUGGCUCUGUCCAGCCCUCCGAAUUUGCAUCAUCCGAGCAACGGGCGAAUGCCGUCGUGUUUAAAGCCACGCGA,CUAGUCCUCGGAACGUUUGAGGCUGGAGCAUGGUGUGCGCCCCGUUGCUACGAAUCUCUAGUCCAACUAGGAUACGGAUGAGAUCGU
ACGCGUGGCUAGUAUCCCACUAUUAUUCUCAUCAUGCGGUCACCCCGCCUAUCUUAAU,CAACUCGUAGGCCCUGUGACCAUAGACCGUUCGCCCUUCGAGACGUUACAAUACCUUG
UGACGGUCGCGACUCAAACUAGCAAACAGAUACUGUAAACAUGUUGCCCUUCCCCAUUGAACACCACGGUUGAGGCUGU,UAAACGCGCUCCGGUACACUCCGGGAGGCGAAUGUCCACUUUUCGCCUGGUCAUUCUAUGUACGUCGUGUGAGACGGUA
AGUGGCAAACUUAGUAAGCUUGGCCCUUC,CCCUAUCUUCAAGCGCCUUUAUAUCCCGU
UGCCAUUUCCAAGGGGAGGGUUUGUGGACCAUAUCGUCAGCUGGCGCUCUCUAUCGGACUA,CAAGAUACCAAAUCCCUGAGAUUUUCUGAACAGCCCGUACUAUUGUGUAUCGAAAGAGUGC
AGAUAGGAAUCGCUUGACCAGCUACUGCCUU,UUGCCAGAAGGCCCACUGUGACCGAAAGAUC
GUUACCGAAGGGUCGAUUUCCCGUCGUGUGCGAAUCUGGCCAGACAAUAGACUUCGAUGGAAUUCUCAAUUAAAUAUAAUU,UGGAUGUCUAUACUCUGUGACCUGGGAGCUGGCCUAAGUUAGAGCAUUGGCAUUCAGAGAGCAAGCUUUUCUCGCUUAGUU
UAGGCGUAAUAGCCCUUUCGUCUAGUUGGGUCGAAUGUCCGCACUUUACUGAGUCCUAAUCGGAAUGUUAUCAUCGUUCUCCGAUC,CACCAGCAGUCCUACAAGUAGACUACGGUAAUUGCGACCUGCAGGAAUAGAUGAGCUUGAUGCCCAAAUUCAACUUUGCGACAUGC
AAGAGGCGCUCGGUUUCUGCAACCUCUUAUG,UAUACUUAAGCCAGGCGACCGUUCUGUCCAG
UAGACGCGGAAAAGUAAUCCCUCCUCCUUAGUCU,GACGGAUGUGUGAGGACAUGUGGGUCGCAUGUGU
UGUUGUGUAGUGAUCAUCCGACUGGCGGACAUCUCA,AUAAGGAUGCUCCUGGAUAAACUUAAGCUCGUACUA
CAUUCCCUUCUGUUAUCUCGUAACAUGACGACUGCUGUGAUGACCCACUCAUC,AUAAAUUUCGCAUGAAACCCUGUAGUCAAGAUGAGGUAGCAUGAAUCUGUAGA
CGGUGGACGUUGUGAGCUGGUUUCCGUCUUCAAUACGUACGCAUAACCUCGACUCGAAGUUUUGUUUACAAACCGCGGUCGUCGAUC,AACUUUGCCUUGUACCGCUUUUGGAAUUUGUGGUGAAAGGUGGGAAUAGAGGCUAGCACCCUUUCGGGUAGAUCACGUUUAACAACU
CACGCAGCGACCCGAAGAAGUACGACGGAUAUUCAAGGCCUCC,UCCGCCCUCAAACGAGACAUGGCAACCAGGUUCCGUAAUACCC
GGAACACGGAAUAUGAAAGGUGCCACGCGCUCCCAUUUCAAAA,CCAGACCCCGCAUGCUUAUCAAAACCGACGGACAGCUCUCACA
UUGUUACCCGCUUUACACAUGCUGAACGAUAU,UAAUAGUCGCGUACGACGCUGUAGCGGGGGCA
GUAUCUUGCCCAAUAUCUACUUAGCCGCGAUCGGCUGAGUCGACCUGA,UCCAAAGCACGGUAAGAUUAUGGCGCUGUGCUGCAGUAAACGUAGCCA
CCUGGUAGGUCUCGUUCUCUCCAGCACUGCAGACGAACUACUCAGCGGGGUCAUAAAUUGG,GGGUGGUUUCAUACCCAAGCGUGUACUACAAUCCUGCGCCAACAGCCCCUGAGAGUAGAUG
AGCCGGUUGUUCGACACCGAC,UGCCACACCCACGUGAGUAUC
CCUCUGGCUCAUACCUGGAAUUUUUCGUGCAAGGUGCUCUAAAGAGGCUGUACGU,GCUAGUCCGAACGUUACGUCAGAAUUUCGCGUAAAGUGCGCAGGACAUAGAGGGG
CGAGGGAUCUAGCCCUUCGGACUGAAGACCUAAGAGUGUAAUCAGCGUGCUGGGUAACCAUGCAGUGUAGUCU,CAUGAUAUACAGCCCCCUUCAUGGGCACCUUCAUGGUCGUAACGACUGGCGCCCGGCGGCGGGUACUCUUGAC
ACUACGGGGGGUUAGCAAGGUCGCCUAAACUUCGUAUACCCCGGACACUCGUGGAGUAC,GGGUACGUUGAAAAUCACUUAGAUACCCUACAAGAUGCGCGGUCACUACCGAGCUUAUA
UAGGCCAGACCCAUAUGGGCUGAUUGAUAGUAGCGAUUGAUGAGAGGCUAGAGUGGUACUUAGGCC,GAGGACACGCUCCGACUAAAACACAGAGAGAGUCAUGCGGGGGGUUGAGCGAUUAAUUACACAUUC
ACGUAUAGCGGCUUUACGCAUUGUGCACAACGCCUUUCGUGAAGGACCCGCGUCCUCCUGCCAUCCCACCCGC,AUUAUGUCUUAAAGUAGUAGAUGAUAGGCGCCACUAGGAGAAAGGCGCUUCGAGUAAGUUUUACGAGACGGCU
AGGCUUCUCCUACUGUCCAAUAAAUCGACGGUUCGGGAGAGGAUCUGUUGCACGCAAUACCGUGGGCUAUU,AGCCUCAAUGAUACAAAAAAAGAUUAAGGCGUAAUCUAAUGGCAUCCCUAGGAGCCGCAGCGCGUUCAAGU
GCACUCGGGCGAGAACGCAUCUAGCACCCGGUAGCGGAAGUUAAUUAACGUCAGUUGACAUUGUCCAUGUGCUUAGACGACUGGCUGCCAAUUUCCCACC,CCAACCCAGACCAUAAAAUAACUUCGUUGAGACCGCUGGCCCUAGUAGCCUGUACCUCGUUUGACACAGACACUAACAUUUUACUUCUCGGGGAACGCAC
AUAUCAUUGGAUAGGCGCUAUACAACCCGGCGGGCUUAUCCGCCACAACAUCUUCUGAACUAGCCGUA,GGAAAUGAUGCAUUUUUCGGCGCGAGUUCUCCUAUCUUCUUUCAUGCAUCUCAUAAGUCAGUACGUGG
AGAACCCUUCGUCCAGAUUACACCUCGACUAUCGUAAAUUGAUCGCAGUAUAUGGAGAUGUGUACGAUGCCAGGCUAGGGGA,UGUGCUGUUACGUGCACCUCUUCCAAGCCGCCUGAGGAUCCCUACAGUUUGUUAAAACUCCCUUUAAAAAACAGAGCUAUGC
GUUUCGCAAAAGAGAUCAUUAGAUUUAGUAUCUUCAGCGGAAGUAACCAUCCGCGUACAUAAACAUCGUUAGAACUAGUCGGAACACCUCCAAUCC,GUGCCCCCGAUGCGCCCGACCCCGUCCUAUGGACGAGAAUUAAUGGCGUAUGGUCAAACUCGCUCGUGGUGCGCAAUAACCGAGUUUUAAGGCGUG
GUGUUACCAAGUUUCGAGUGAUUAAGACAGACCGCGCGCCUGCUCAAGCUCCUAGUAGAACCUCGAUCGCCCAAGGCG,CCAGGUGAGCUUCUGUAUGAUGGCGUCCCACGAAAACAAUAGCGGGCGCUGGAUUAUGCUGACCGAGCUCACAUUUUG
GCUUUCACUACGAUACUACCGAGCAUGAAUUUCAUGGAUGUGUCCGUAACGAUAUUCUGGAGCGGGCCGAG,UAUGGCGAUCGGCAAUUACUGGGCGCGACGUUACGGAUUCAUAUUGGUUACGGGAUCGUUAUCAAGUGGUA
UAAAAUGUGACUGAUCUGUCUAAGGGCUACUGGAAUGUAACCUUAACCAAGCUAUGAGCCACACGAGCAAUU,AACUAGGCUCUGUCGAACAGCGGCUUUCGCCGAUACAUCAUAGGCAUUGUUUGCUCUCGCUGCGCUUACACC
AUAUUAACGACGCACCGUAUAUUAGUUUGCUCGAAAAACAUGGCUAUCCAUUGACGAUCUAAAUCUAGUUCCCCGUCGGGGACGCGACACCUAUUGUAUG,CUAAAAGACCAGUCGCGAGGCGGCCGUUUGGUAAGAUGACUCUCCGGUGCUUUAACCAUGCCCGCAUCCAAUUCAUGAUAAGCAGGGAAUCUCUCGUACU
AACCUUCAGGGAUCAACACAGAGAGAAGAGUUUCUUGUAACGGUUGCUCGCUUAGUG,GAGCAUGUUUUGACCUACUCGAUAAUACGUCGGGGGGGCUAGCUUAAAGGCCGCACU
GACUAAUCACGGCAUUAAGGUAUUUCAAGAAACCUGUAGUGUUAGCAUAAGUCUCCGAAGUGCAACGCUACUGCUGCUUUCU,GAGACAGAGGUGAGACCUCGGUCGCAAACACUUGAAGUGCGAUCUGAGCAUUAAGCGUAAAACUUGAAGAUCUAGGUGCUUG
UGAUGGUGCCUUGAUAUAGAUAUGUAAACAAGAAAAAUAGUACUUAGCCACCCCUAUUUGCCGAGGCAGAAAGGUU,CGUUCGGGGUAAGCCCUGAGGUUAAACGUCCACAUAGUUCCUCGUGUAGAACUCAGGCCUGGCAUGCGUCAUAUAG
CAUCACGGCCUAAGCACGUUCCGCUUCGAUACCAAAUUGAGUAUGGUUAAUUGUUGGCAGGCCC,GUGCAUACUCUGUCCCAUUUAAUUGGCAAGAACCUAUAUGUGAUUUCAUCCGUGGAGCAAUUCG
AGGCUUAGUGCCCAUUCUGGCGAGACGUCAUCACGAAUUCACUUCUGU,GCCAGAUCGCACCGUUUAACACAGCCACCUCUGACUCCGGAUAGGCGG
GCAUCCACCCAAUUUUAGACGCGUCCGUG,CGUUGUAGCUAGUGGGAGCUCAGGAGCUG
UGGGCAUAGGAAAGGUACUGUGCGGUCUAGUCAAGAUAUAGGUCCCGCAUUCGAUUGAAGUCUUUUGCGAACACUCAAGAGUCGCAU,CAUUAAGCAAAUGAGCGCUUACUGCCCAGCCCUGCUUCUAUACCGGUUAGCAUCGGCGCGUCAAGUGACCCUGAUCCGUUGCCAGGC
CCCCGAAGCUUUUCCGUAGUCACUAAGAGCGGAUUUCUAGGGG,CCAUUCACCACUAGGAAACGCUUUUUCUGAGUUUAAUCAACUU
ACUGGACCCGAAGCGGGCUCGCCGUCACAGGUUUGCCUAUGCUCAUCCCGGGAUGUCUCGCGAUGAAAUCCAGUACUCCUCCAGGGUGUCGGUACU,AAAGAGCAGGCACAACAUGGGCUUAUUAAUAGAAAUUCAGAAGCCCCGAUGCGCUCAUACCCCAGUCUAGUAGGGUACCAUGACCUGUAAUGUUGC
UCGUUUUGCCGCUAUUAAGGUUCAAAUUGUGCCGGCGAGCUCUGUUUGACGGGUCCGUUAACCGUGUCCGGCCUGGUACC,CCACCCGCUCUAGUGGGCCCGAACCUACCCGGCGCCGUGGGGAAUUAACGCAGUUUCGUGGAGUAAGGCAAUUGAAGUUG
AACAACCUUGAUCGCUUACCCACCUCGCCCAAUACUAAGCCGCCUGCCGAGGAGUCCCUAUGUUCCUCUCUUAGCGUACCACAUUGUGUCCGC,AGUCUCCGACACCGGGCUAAACGCACCGAUUCCAUUAAACCUAAUUAAGGACAAAGCGGUCUGGCACUUCGCGGAUAGCUCGUAACUUGCCCA
AAGAACACUGGUAUGGCUCUCCUCGGCUUGUGAUAUUCCGUCGUUGCGCAUGGGGAUUAGCCUGAGUGUGCAGAUC,GAGCUGUCGUUCUAUGUGUCCUUUCCUCAGUCUGUUGGAAUCGAAAUUUACUGGGAAUGACGGUUAACCGGCGGAA
CAUCCUUUGCUUAGUAUAAUGUGGGAUCCGGAUUCUGCCUCAAAAUAAUCGUGUAGCAAUAGUAGUUAGCCUACAAGGGAGUCAAUUAGUGGGCU,CCACAACUCGCGAGGGUUCAACUGAGUUAUGGUUUAAGGUCUGAUUCUGGGCAGGCCGGCGGAGAGUCUGUACAUAGUGACUGGUUACCCGAAAC
GUUAGCGAGGGGCCUGCAAAUGGUUUUACUCACUCGGUCCUGUUUAAAGC,GGGACCUACUAUUGGUGAUGGCGGCAUACAUUAUACUCGCUCGUGUCCCU
UCAGAGUCUUCACAAGGGCGAAGGGAGCCCGACUACCCCGCAAGGGAUGCU,GGGAUGCAGGUGCUGCAAGUAAUAUUAUGUCAAAGGGUAGCGGGAAUUGAA
CAUGCAUUAGAGACCGGUCUUUAUACGUCUUUGCUACUAGUGAAGGACACGCACCCAACUUGGAGCCUA,CUAUAGAGGUCGCUUUUAUUCAGUUUUCACAGCAGGCCUUGAACAUAACGGCCAGGCUGUUACAGCAUU
UCCGAGUACUUGAGGUAUAUACUACGUGCGUCUGAGAGAAUAGAGCUCCGUGCUCAAUGAACCUAAGAGU,GGGAGGUAAGUGCCCGGUUAGACGAUACGGAUAGAUGCAUGCCUGUCUGUAGCCAUUCAAGUUUUGGUUG
AGGUAUACCAGUAUGACUCCAGCCGCCCCGCUCACUAUUGCAAUUCAC,ACACUGAUUCCCGCAUCCGUUAGCGCGGUAUGCGUACAUUCCGAAGCC
AACAGCAUCUCCCCUUACAGGGUAUUAUGGAGAAUACAGCAAUGAUUGAUACCAAUCUCUCGUGUAACUAU,ACUCUUAUACGUGGUCAUAUAAUCCCUAACUCAUUUAAUUAACGUGACGGAGGCGACGUGUGUGUCUUGAC
CUCUUACCCAUUAGGAGCUCUAAGAGUAGUCUAGCACC,CGCUGCUUACCGCCGACGGGUCGGCCAGGGGGGCGAAG
CCUUGUCUAUCGAGUUCGCCGUCUCUGACCACAUUUCCGACACGUAAAGUGAUAUAUGCACCCCAACAACAAGCGGUGUUGGUUUCACGUCAUCCGAAA,CGCUAGCAGCCUCCUACAAUAUAAAAGCACUGAAAGCUGCACCUUCAACACAUAGAUAAGUGACACAAUGUUGGUCUAGCUCGUACAGUAAAUCAGAAG
ACUCUGCACACUUGACAGGGUAUGAUAAGGUCCCACCAAUAAAUGAGAUGUAAAGUAGGAUCUGUCCCCCGUCCCAACUUAG,GCUCCAUCUUGCAUAGUCAGACGUUCGAACCAUACGAAGCCUCCCCACAAGUGCUGGUAUUAAGACCUGUGGAGGUAUACGU
GUCUUCUCAAUGUCGUUGGGAAAUGAAAUAACGGCACCUGCGCGCAUCAUACAGCUUGAUCUAGGGCACCACACGCUCUACCCACGUCCGUUGCUU,AAGAACCGUGUUUUGUUACAACCUAGGCUGAUAGCGGUACUUAUAAUGGAGUUGGAUAAACCGACUACCUCCGGAUAUGCGUCGGUAGGCGCGAUA
GAGUCCACCAAUGCCGAUACUUAGCAAUGGGGAUGCAUGCAUAGCGCCCGUCUGUAAGUCAUUG,CGAGAAGUCAUACAGCUUGCGCUAAGCGGAGAAAUUUCCAUCAUCCACGGUAGUACACUUGUAA
UGGUCCGAUUCACAUUUUUCAACAACUUUUCGUUCCCACUGACUCCAUGGUCGAAUGACACCUUCAUGUUGCGGGAUGACGUAAAUGUG,AAAGCCUCGCGAAAGUAGGGCAGCGAAGGCCGGUCCACCGCGUUGUGUGAUAAGCCAUGGCGGUUGAGCACGGUUAGUUAUGUUCUCCA
CUUGCCAAAGAUGUUCAUCAGCGGCCG,AUGACUCACCUUUCCUUCCUCACUAUU
CUUAGCUCUUCCUCAUCCUAAUGACUGAGACU,UCCGAUCCAUUCACAGAUCUGACCAGUAUGUC
GUUGUGUCCGCACAGUGAAACU,CCCCCCAUCGAUGCCCUUAAGC
AAGACUUCAAUCGUCGGAUUGAUUCGCGAGGAUAGUCACUUUAAUACGCUAUGAGAUUUAUACCUUCACUAAAUUCAACCC,UUAUUCCUGUUUCAAAAUUGGUAUUUUAGAAAGCCGGGAGAGGAUAGCCUCUGUGGGACUAGCAGGGGAGAGUGCCUGACC
CUAUCCGUUGGGAACCCCGGACUUGGG,UACAAGACCCUUAAGAUUAUGAAUGAA
UAGCUACAUCCGGGAGGGGAUAGCCUCAUAAGCUAUGCCAAUAAUUCUAGC,CCUCCUCUAAUCUGACGUCAGAACUUGACGCGGACGUGGAAGCCCGGGAAG
AAAGUUCUUUAUUACGUUCAUGGCUGCAUA,CCGGAGAAUUGGUGGUUCUCUUAGAUCAGA
CCAUUACCCGGGAUCUCUGACAUGUCACUUGAUCGUAGUAAGAUCGUACUCUAGGCGU,CCUACCCACUUACCCACCUGAGGCUCUAAUAAGGGCUCUAUUAGCUUUGCUCUUUAUU
UAGGCGACCCGACCAACGCACGACCUUAUGGGUUGACGUGUAUUACAGGUCUAACCGAAAGUGAAUGCAAACAUCAGUCUGCAAG,UAUGGUGCUUAGGGAUCUUUUCCAGCGGGAUUCGGCAGACUUAUCCCAUGAGAAUAGGAAAUGAUUAAGAGGAGCUGUACUUAGG
GUCCUUCUAAUUACGACCGCAAUCG,CGUUCACCGGCUUAUACCGGUUUUU
CGACCCCUUUUAGGACGGACCGUCAUACUGU,GCUGUAAUUUGAAGCCUUUCUGAGCUGUGAC
UAGCCUCAGCGGCACAACUUGUGGGGC,CGGGUCGAAAUAAGUUGGAGAGUGUAC
AAUCCUUAGCGUCGAGUACGUAGGACUAAGGCACGGAGUACUCCAGAUCUACUCAUAUACCUUACACCGGAGUAAUAUGCAGCUAUGCG,CCAUCUCUGGCUUGAACCUUCCGGUCAGUCUGCGGAGUUUAGUUGAUGCGUGUCGAUUGAUCUGGAUAAGCUGGAGUGGUAACGCGUGG
CGGCUCCGGAACUUACGGGGGCUUACUAGAGACAAGCCCAUCAGACAUACU,UGUCUAUGGUUGUUAAAAUCACAUAUGACCAAAUGCGGACUCGAUGAUUUC
AUCCAUCUCUGGGUGUAUGCGGGCGCUGUGCAGAAUAAUAUU,CCCGCGUAUGAAUCGAUAGCCUACAUUCAAUAAGAGAAAUGC
UUAUUUUCGGGACCAUGAGCGGGAAUGUUUAA,AGGGCGCAGCGCCGCCAAGUGCUCUGUGUUAC
UCUCGUCAUUGGACGAAAAACGCAAGACUCAUUUAAAUCGCCG,CAGGCCGUUCUAAAACGGGGAAGCAGAGAUACACUCCCUGUCC
CAGUACGAUCAGCUCAUACCGUGCUU,UAGGCCUUCCAUGUCCGACCUAAGUG
UGCCACAAACGAAAUCGCAUAUAGAAGAGAACUAUGCCCUAAGACGGAACUACAAUCAAACUCACACAUCGCAGGGCUC,UAGGCAAUAGACUUUGACCACUUGAUUGACUUACAUCUAAGGAGUAACCCCCAAGAGUCAAGGGCUGGUUGGCUAAAGA
UCGGGAAUCACGCAUAAAACGAUCUGAACCGUUAAAUUGGCGCUCCACUUGAUAAGACGGGUCU,CCCUCAUGCGCCUUUUUUCGACAUGGGCCGCGUCGUGGGCACUCUCCGGGAUUAAGAGAGGAAU
UCCGACCCUGCGGCCCCACAUCCAAAGACAGUUAUCCUCACCCGGAUAGAAGCUAUUUGCCAAACUUGGAGAUCGUAUA,AUGACGAGUUGCACAAAGGUGAUGAGGAGUUCUUCUUAUGACACCAUGCCCGCGUUAAUUGUACCUGUAUUCCUUCGGC
CCGUUGCCGCGUUGACGUGCCAAAUAUGCUGAUUUGUAAAUCACUGUGC,GUAGAACUGAGUCCGGGCGCAACUGAAUACACCGUGCUCACUUAGAGUG
AUAAUGAUAAAUGUAGGUAAAACCAAGGAGACAAUCGCAGUGGUGGGAGACCUUACGGGA,CGCGGCCGCGCGAGAGGCGUCUGGGCCCUGUGGUAUAACGCCUGCAAGAAACUGAAAGUC
