UARGEU,MIRNA
UGCCAGGCCCUGCUAGAUAGCACCCCG,UGAGGUAGUAGGUUGUAUAGUU
ACAGCACCGGGACCAUUCAUGAGGUCACUG,UGAGGUAGUAGGUUGUAUAGUU
GCAGCGUUGGCAGGGAGACA,UGAGGUAGUAGGUUGUAUAGUU
AGAAUGCUGAAGAGGAGCUG,UGAGGUAGUAGGUUGUAUAGUU
CUUCGUCCAAGGCACCGGUGUGU,UGAGGUAGUAGGUUGUAUAGUU
GGAGUGAGGACGGUGACAGCCACGCGCG,UGAGGUAGUAGGUUGUAUAGUU
UCACACAACAUUUAUUCUUC,UGAGGUAGUAGGUUGUAUAGUU
UUAGCAUUACCUAAUUUUUU,UGAGGUAGUAGGUUGUAUAGUU
UCGAAAACAUAAAGAAAAGAUGAG,UGAGGUAGUAGGUUGUAUAGUU
GAGCUGGUGGCGUAGGCAAG,UGAGGUAGUAGGUUGUAUAGUU
CAUGAAGUUUUCCCACUGAGUCACA,UGAGGUAGUAGGUUGUAUAGUU
CCACUGAAACUCUUCGAUCA,UGAGGUAGUAGGUUGUAUAGUU
UGAAACUACAGAUCUUUGGAACACU,UGAGGUAGUAGGUUGUAUAGUU
CAUAUUUAGAAGUAGAUGCAAAAC,UGAGGUAGUAGGUUGUAUAGUU
GGAAAUAAUUGAAUAGUUAG,UGAGGUAGUAGGUUGUAUAGUU
UUCUAUAACUACAUUUAAAUC,UGAGGUAGUAGGUUGUAUAGUU
AAUAAUCUCUAUUUGAGAAGUUC,UGAGGUAGUAGGUUGUAUAGUU
UUCAAACCUCAAAUAUAG,UGAGGUAGUAGGUUGUAUAGUU
CCACAUAAGGGGUUUGCCA,UACAGUACUGUGAUAACUGAA
CAUCCGCCUUUUGUAUACA,UACAGUACUGUGAUAACUGAA
GUAUAUAUUUAGUGCUGCAU,UACAGUACUGUGAUAACUGAA
GUCCACCAUGCCGGGCAU,UACAGUACUGUGAUAACUGAA
GUGGCCUCACCCCCAACCCG,UACAGUACUGUGAUAACUGAA
GCCAGUGCCCCGGCGGCGGGCCCUG,UACAGUACUGUGAUAACUGAA
GUGAGGAUGCACCCCCACAGAA,UACAGUACUGUGAUAACUGAA
CACUCCCUCCAGGCCGAGGA,UACAGUACUGUGAUAACUGAA
ACAAACAUUGUGUUGACAUU,UACAGUACUGUGAUAACUGAA
GUCCCCUGUCGAGUUCGGCUCUGGGUG,UACAGUACUGUGAUAACUGAA
AUACUUAUAUUAUCUUAAGC,UACAGUACUGUGAUAACUGAA
UGAUUUGGCUAGAAAGAU,UACAGUACUGUGAUAACUGAA
CCUAUUUUCUACCAUUAUCU,UACAGUACUGUGAUAACUGAA
CAUGACUGCUUGACAGCCCA,UACAGUACUGUGAUAACUGAA
AAAGUUCAGUUUCAGCAACAA,UACAGUACUGUGAUAACUGAA
AGCGGCGGCGCCACCCGCCC,UACAGUACUGUGAUAACUGAA
AUUGUCACUGACAUUUAAUGGU,UACAGUACUGUGAUAACUGAA
CAACUUUUUAUUGCCUU,UACAGUACUGUGAUAACUGAA
UUUGCAAUAAUGCAGUAUGGU,UACAGUACUGUGAUAACUGAA
GUUCAGACUAGAUUGAACACUCC,UGGAGUGUGACAAUGGUGUUUG
UGGAUUCCAUAAUGUUACAAUGGA,UGGAGUGUGACAAUGGUGUUUG
AGAAUAACUCACCUUCCAACAA,UGGAGUGUGACAAUGGUGUUUG
AGAAUAACUCACCUUCCAACAA,UGGAGUGUGACAAUGGUGUUUG
CAGUCUCUGUCAAGAUGAUAGA,UGGAGUGUGACAAUGGUGUUUG
AUAUACUUCCACUGAUGCCCUU,UGGAGUGUGACAAUGGUGUUUG
UAUAUCCAAUUUGACAUCAC,UGGAGUGUGACAAUGGUGUUUG
UAACUUUUUAGUUUUCCCAA,UGGAGUGUGACAAUGGUGUUUG
CUACCAUUAUGUUUUAGUAC,UGGAGUGUGACAAUGGUGUUUG
AACCCUGCCUGUGGUCCUGAGCAC,UGGAGUGUGACAAUGGUGUUUG
ACCAUGGCCAGGUUACCAAAAUGCCCUG,UGGAGUGUGACAAUGGUGUUUG
UGACCAUUUCAGAUCUGAAUCCCAUGG,UGGAGUGUGACAAUGGUGUUUG
UAGUUUAGAAGAAAAGAAAGCUCUAU,UGGAGUGUGACAAUGGUGUUUG
GUAAUAUGUAAUGAUCGUAUUAAAA,UGGAGUGUGACAAUGGUGUUUG
UUUUGAGGUUGUGGGCAUAA,UGGAGUGUGACAAUGGUGUUUG
CACCCUGUUUUGAGCCCUGAGGAGG,UGGAGUGUGACAAUGGUGUUUG
UUUAACCUCUGUUCAGGAAGUCCU,UGGAGUGUGACAAUGGUGUUUG
AGAAGAGAGGGUGAGUCCUCCAGAA,UGGAGUGUGACAAUGGUGUUUG
ACCUGGGCGUCAUCUGGUCCUGGU,UGGAGUGUGACAAUGGUGUUUG
GACACAAACUGCCAAGUUGGGUGG,UGGAGUGUGACAAUGGUGUUUG
GCAAAUGCAACUACAACUGCCCGCA,CUUUCAGUCGGAUGUUUGCAGC
AUACUUUGCUUCAUAGUAUUGGAGCA,CUUUCAGUCGGAUGUUUGCAGC
GGAAAUGUAAUACUGGAAUAAUUU,CUUUCAGUCGGAUGUUUGCAGC
AGUCUUUGCAUAUAAAGUAAUGU,CUUUCAGUCGGAUGUUUGCAGC
AACAUGUAUUGAACACGACAUU,CUUUCAGUCGGAUGUUUGCAGC
CGAGUGAAGAGCAAUAAACUCCAG,CUUUCAGUCGGAUGUUUGCAGC
GAUGUGAAGGAAAUAAUUCUUUG,CUUUCAGUCGGAUGUUUGCAGC
CAUGAAGUAUAUGCGUAAAUA,CUUUCAGUCGGAUGUUUGCAGC
UUGUUUUUUUUUUUUUUUUUUU,CUUUCAGUCGGAUGUUUGCAGC
CAUCUGGUAUACCAUUGCUUUAU,CUUUCAGUCGGAUGUUUGCAGC
AACAGCGUGUUUGACAUCUUUGAA,CUUUCAGUCGGAUGUUUGCAGC
CCUGCGAGUUCAGGGCUCCUGUCG,CUUUCAGUCGGAUGUUUGCAGC
AUUCAUUCCUUAAAUAAAUU,CUUUCAGUCGGAUGUUUGCAGC
CCAUGAAUACCGCAAUGAGAGCAG,CUUUCAGUCGGAUGUUUGCAGC
GAAGGCGUUUCUCUUUCAGGA,CUUUCAGUCGGAUGUUUGCAGC
CUUUCUUAUGUGGAAUUGAAACA,CUUUCAGUCGGAUGUUUGCAGC
CUAGGUCAUUGUUUCUUUUU,CUUUCAGUCGGAUGUUUGCAGC
CUCUCUCCUUUACCACCAUGCAGG,CUUUCAGUCGGAUGUUUGCAGC
AAAUUCUGUUGCAAGAACAUUAAC,CUUUCAGUCGGAUGUUUGCAGC
UCUUGCAGCUUUAUUUGAGUAUU,CUUUCAGUCGGAUGUUUGCAGC
UAUAUGCUGAAAAACUACCCC,CUUUCAGUCGGAUGUUUGCAGC
UAGUUUGGAUUCUUAUGUAG,AGCUACAUCUGGCUACUGGGU
AUAAAAGGCAAAUGUGUACAUGG,AGCUACAUCUGGCUACUGGGU
UUGACAGUUCUGAAGAAUUCUAAUA,AGCUACAUCUGGCUACUGGGU
GCAGCACCGCUUCCUCCUCCCAGCCU,AGCUACAUCUGGCUACUGGGU
CUUUUGGCUUCCAUGAUGG,AGCUACAUCUGGCUACUGGGU
UGAAAAUUUUAAAAAUACAU,AGCUACAUCUGGCUACUGGGU
ACUAAAAUUUUAGGCACUCUUA,AGCUACAUCUGGCUACUGGGU
CACUGCUUGAUGAAGCAAGGAAGAU,AGCUACAUCUGGCUACUGGGU
AGGCGAGCCAGCGCAAGUGGAAUUUCG,AGCUACAUCUGGCUACUGGGU
CGGGGCUUCCCCGCAGCCCCUGCG,AGCUACAUCUGGCUACUGGGU
UGGCUUUUUUAAAAAAGCAACA,AGCUACAUCUGGCUACUGGGU
UGGGGCAAAAAUCCGAGGUGCU,AGCUACAUCUGGCUACUGGGU
CAAUUAUUGUUACACAUUAA,AGCUACAUCUGGCUACUGGGU
UUUUCCCCUCUUUUGUUAAAUAA,AGCUACAUCUGGCUACUGGGU
UAAAUAGACUCGCCGUGUCAAUCA,AGCUACAUCUGGCUACUGGGU
CCAGACUCGGACGGGCUU,AGCUACAUCUGGCUACUGGGU
UGGACGCCAGGCAGGCGGAGCA,AGCUACAUCUGGCUACUGGGU
CCCCCAAAGGUGCCUGCAAGGU,AGCUACAUCUGGCUACUGGGU
AGAGGAUACUAUUUCCAGAAUAG,AGCUACAUCUGGCUACUGGGU
ACCUCCUUUAAACACAUCAUCU,UAGCAGCACAUAAUGGUUUGUG
AAAGUCAAGAAAAAAAAACCCUU,UAGCAGCACAUAAUGGUUUGUG
ACCCCCUCAGAAACCACUG,UAGCAGCACAUAAUGGUUUGUG
UGGAAAAAACCAUUAUGUUA,UAGCAGCACAUAAUGGUUUGUG
UUUGAGACUUGACCAGCAUA,UAGCAGCACAUAAUGGUUUGUG
GAUGUGAUGCCUCUGCGAAGAA,UAGCAGCACAUAAUGGUUUGUG
UUUUAAGAUUGAUACUUUU,UAGCAGCACAUAAUGGUUUGUG
CUGGAUGCAAAGAAAAUCAG,UAGCAGCACAUAAUGGUUUGUG
AUGAUUCUAAUUUUUAAGCA,UAGCAGCACAUAAUGGUUUGUG
GCUUACGCUCCACCAAGAAAG,UAGCAGCACAUAAUGGUUUGUG
UGAGGAGCUUUGUUUCAACCAAGU,UAGCAGCACAUAAUGGUUUGUG
UACCAUUUAUCUGUAUUAAC,UAGCAGCACAUAAUGGUUUGUG
AACAUUCUCUCCACAGC,UAGCAGCACAUAAUGGUUUGUG
CCUUCCUGGGGUGCAGCCUAAA,UAGCAGCACAUAAUGGUUUGUG
AUCUCUCUCUCCCUGAUC,UAGCAGCACAUAAUGGUUUGUG
UUUGGCAACUUGUAUUUGU,UAGCAGCACAUAAUGGUUUGUG
GAGUACCCUGAUGAGAU,UAGCAGCACAUAAUGGUUUGUG
GCGCGAGCCGCGCCGGCCCC,UAGCAGCACAUAAUGGUUUGUG
CUAACACUCAGCUCUGCCCUC,UAGCAGCACAUAAUGGUUUGUG
CCAAAAUAAAACAUGUGAAGCA,UAGCAGCACAUAAUGGUUUGUG
AUUACACUGGGGAAAAAAAU,UAGCAGCACAUAAUGGUUUGUG
UUAAAUUCUGUUACCAAAUAAUG,UAGCAGCACAUAAUGGUUUGUG
ACUGCUUACAGGUUUAGAUAUAGU,UAGCAGCACAUAAUGGUUUGUG
UUAUUCUCAAGUGCUUAAAAUUAAU,UAGCAGCACAUAAUGGUUUGUG
UUCUGCUGAUUUUGCUUUAG,UAGCAGCACAUAAUGGUUUGUG
UACAUACUUCACUCAUGAAGCC,UAGCAGCACAUAAUGGUUUGUG
GGAGGAGCACCAGGGAUCGG,CAGUGCAAUGUUAAAAGGGCAU
CUCCCUUGGAGCAACCAGAG,CAGUGCAAUGUUAAAAGGGCAU
AGGAGGUGUCGGAGUACUGU,CAGUGCAAUGUUAAAAGGGCAU
GAGGGCAGCUCCCUCUUGCCU,CAGUGCAAUGUUAAAAGGGCAU
CCCCCCAGAAGACAGACCAUCC,CAGUGCAAUGUUAAAAGGGCAU
GAGCGGAUUCUCCCUUGGAG,CAGUGCAAUGUUAAAAGGGCAU
UCCCCAUGCUGCCACUAUUU,CAGUGCAAUGUUAAAAGGGCAU
GGACCUGUCUCCAGAGAGAGGAG,CAGUGCAAUGUUAAAAGGGCAU
UAGCAAAUGAAGACAGUCAC,CAGUGCAAUGUUAAAAGGGCAU
UUUACACAAAGUGCCACUUA,CAGUGCAAUGUUAAAAGGGCAU
AGUGCCUGAAUUCACUCAAGU,CAGUGCAAUGUUAAAAGGGCAU
CCUAGCUCCUGAAUUCUUCCU,CAGUGCAAUGUUAAAAGGGCAU
GAUCCCGCGUAGUGUCAGUACUAAGG,CAGUGCAAUGUUAAAAGGGCAU
UUAACUUAUUUAUAUGAAG,CAGUGCAAUGUUAAAAGGGCAU
UCCUGUCUCAAUAGCUCCAA,CAGUGCAAUGUUAAAAGGGCAU
UGUUUUUAAGGAAAAAAUAC,CAGUGCAAUGUUAAAAGGGCAU
GCACUCCGGCAGGUACGGCU,CAGUGCAAUGUUAAAAGGGCAU
GUUUAAUUUUGCUUUUUUUU,UUUGGUCCCCUUCAACCAGCUA
UGCUAUUGUGCAUUUACUAGAAA,UUUGGUCCCCUUCAACCAGCUA
CAAAUUAAUUUGAACAGUUC,UUUGGUCCCCUUCAACCAGCUA
AAGCGGCACAAUUAAAAAUUAAUUU,UUUGGUCCCCUUCAACCAGCUA
UAGCAUGCUCAAUAAACACUUCU,UUUGGUCCCCUUCAACCAGCUA
UUGCCAAGGAGACAUCCCUC,UUUGGUCCCCUUCAACCAGCUA
CUGAGUCCUUUGGCCAUUCCAA,UUUGGUCCCCUUCAACCAGCUA
CUUAGAAUAAUUAUUGACAACA,UUUGGUCCCCUUCAACCAGCUA
UUUGUUUUUUUGGGGUUUCUUUUUU,UUUGGUCCCCUUCAACCAGCUA
CCUGGGACUAAAGCCAGGAACAGG,UUUGGUCCCCUUCAACCAGCUA
GCUUCGCAGCCCGUCUUCUC,UUUGGUCCCCUUCAACCAGCUA
GCUACCCCGCUGUGCACGGGCCG,UUUGGUCCCCUUCAACCAGCUA
GAAUGUGCGCACAGCCACGGAA,UUUGGUCCCCUUCAACCAGCUA
CUGGUGACGGAGGUGGAAAA,UUUGGUCCCCUUCAACCAGCUA
UGAUGUCCAUGAAGUUAGGA,UUUGGUCCCCUUCAACCAGCUA
CCGACUGCAUCAUGCUGUCUGGAG,UUUGGUCCCCUUCAACCAGCUA
CUCCGGGUGAACUUUGCC,UUUGGUCCCCUUCAACCAGCUA
UGGAGGCCCCUGGAGCCAG,UUUGGUCCCCUUCAACCAGCUA
UUCCAUUGAAGCCGACUCUGGC,UUUGGUCCCCUUCAACCAGCUA
CACUCCACCCUCCACCUUCC,UUUGGUCCCCUUCAACCAGCUA
AGCGGAGCUGCGGAGCCGCCUG,UAGCAGCACGUAAAUAUUGGCG
CCAAGGCCAGUGGGCAAGAGAUGAA,UAGCAGCACGUAAAUAUUGGCG
UGGAAGAGCUGGCGACCA,UAGCAGCACGUAAAUAUUGGCG
AGGGGAAGAGCAAGGAGGAGGCCU,UAGCAGCACGUAAAUAUUGGCG
UCUGCCAGCUGGUGGCAGG,UAGCAGCACGUAAAUAUUGGCG
CAGGCACCUACGAUGCCAAGG,UAGCAGCACGUAAAUAUUGGCG
CUAGUCCCACUGGGCUGGC,UAGCAGCACGUAAAUAUUGGCG
CCAACCCAGCCCCAGGCAUGGCUAA,UAGCAGCACGUAAAUAUUGGCG
AUAAGUGUUUUUGUAUUGAAA,UAGCAGCACGUAAAUAUUGGCG
ACCUAAACCUUUUGGAAAAUCU,UAGCAGCACGUAAAUAUUGGCG
GACAGUGGAUUGCAUUUCUU,UAGCAGCACGUAAAUAUUGGCG
ACCUUUAGAUUCCAGAGA,UAGCAGCACGUAAAUAUUGGCG
GUGAACAGAAUUGCAAAUAG,UAGCAGCACGUAAAUAUUGGCG
AAUGCUUAUCAUCUAAAGAU,UAGCAGCACGUAAAUAUUGGCG
AGGACCUAUGUCCUCACACCAUUG,UAGCAGCACGUAAAUAUUGGCG
CCCGUUUUAUUCCAGUUUUAU,UGUGCAAAUCUAUGCAAAACUGA
CUGUCACCAACUGAAGUGGCU,UGUGCAAAUCUAUGCAAAACUGA
ACCCUUUUGACCUUACACAU,UGUGCAAAUCUAUGCAAAACUGA
AGAUUUAUGAUGCACUUAUU,UGUGCAAAUCUAUGCAAAACUGA
CCAAUAUGUAACAUGGAGGG,UGUGCAAAUCUAUGCAAAACUGA
AAUAUUUUCUUAGACUUUUUGG,UGUGCAAAUCUAUGCAAAACUGA
AAAAAUUUCAGUCUGUUAA,UGUGCAAAUCUAUGCAAAACUGA
GAAUCGCUGUACUACAGGA,UGUGCAAAUCUAUGCAAAACUGA
AAUCCUGUCGAUUAGA,UGUGCAAAUCUAUGCAAAACUGA
UUGGCAGGCUGAUUUCUAGGUAGGAAAU,UGUGCAAAUCUAUGCAAAACUGA
AUGAUGUGGGAGACCGCUGUG,UGUGCAAAUCUAUGCAAAACUGA
UGUGACCACGAUGAUGACAACG,UGUGCAAAUCUAUGCAAAACUGA
GCCCCAUCAAUGGAGGCUGGGGU,UGUGCAAAUCUAUGCAAAACUGA
AUGCCCCAACGAAUGCUGCU,UGGCAGUGUCUUAGCUGGUUGU
GGAUGAGUGCGUCAUAGC,UGGCAGUGUCUUAGCUGGUUGU
ACUGAAUUACGCAUAAG,UGGCAGUGUCUUAGCUGGUUGU
GUUUUUUAUAAUUUAAAU,UGGCAGUGUCUUAGCUGGUUGU
UUUUAAAAUAUUUUUCCAAA,UGGCAGUGUCUUAGCUGGUUGU
GACUUUAAAAGUGAUCUACA,UGGCAGUGUCUUAGCUGGUUGU
CUGGGGACGCUCCGCUGCCG,UGGCAGUGUCUUAGCUGGUUGU
GGAGAGGGAGCUUUGUGUU,UGGCAGUGUCUUAGCUGGUUGU
UUGUGUGUUUUGUUGAAUUUUU,UGGCAGUGUCUUAGCUGGUUGU
CAUUGCUGUGCUUUGGGGAUUCC,UGGCAGUGUCUUAGCUGGUUGU
CAGGGCAGGAUCCACGUGCC,UGGCAGUGUCUUAGCUGGUUGU
UUUUAAUAUUUGUUAUCAUU,UGGCAGUGUCUUAGCUGGUUGU
