seq1,seq2
GGAAAUGGCAAUCUUUCAUCUU,CUUGCAGGGCUCCCUUGACGUG
GAAAGUAGUUCACCCCAUUACUAUUAUCUGAACUACCUGGCAGU,AAAUAUGAGUGAUUCGUCCAUCAACAAGGCGCGAUCCGUGUCAU
GCAUUGACCCAACCGACCGAAGCAAACUAAGGCUCGGAAAAGCGAAAAAGCCAGGUUUAUAGCUCGGUCCGGUAUCACAGAAGCGGCUAU,CUCUACACUACGAAGGGCAUCAUUGAUAGCUUUUCAAGUCUGUCGAGGAGGUCCGCUUAAACGUGUAGCACCACAAACGAUUGUGGAAGG
GCGGCUGCACGAAACACAUAUCAUUACAGCUCACCUUCCGAAUAGGAAAGCCACGACUUAGAGAACGU,CUCGGAAUUACCGCAGCACUAUUUAGCACAGAUCCAAGUGCCUCAUGUUCGAACGUCGUGGCGGGGCU
GCACUUCUAAAUGGAUAGACCUAGUUGGCAGUUCCGCACCGGUUUUGGUUUCCGCUGGGAGGACUAGGGCGA,AGCCAGUAUCCGGAAGCCAUUAAGUGCAUCCCUCCGCAAGUAGAGUAUUUUAAGCUCGCGCGAUAGCCCUUG
GGCCAAGGCUCCUUACCGCAAUAAGAGCGUCGUGUCAAUUCCUGUAGCAAGAUCAAUUCUGUGGGUCCAACCGCGGUC,CCGCAAGUUGAUGUAUAGUUGCGGUCACACUCUGUCUCUGUGUAGUAGCUAUACGAUUUGUUGUCAUACUCAGAACGA
GAAGAACCGGCUGAAUCGAAAAACCCUC,UCGACCUCGUCCACGGAAACGUAGCUAA
CGUACAUACAGCGAUCGGCUAAUAGAAGUGCUCAAGUGUUUCUAGUCCGGGGUCCUGCACAGUUGGGCUUACUACGAUUCAUAGCAAA,UCGACAGAUACUCUGCCAUCUUCCAGCAGAUACUCCCCGCUUUGGACGACGUGGACCAGGGUGGUUUAUGGCGUACUAGCAAACAACC
UCUGCUGGUCUUGACUGCACGACACAGAUAGCCUAGCCGGGGAUUUUAGAAUCCUG,GCUGGAUGUUUACUUUUACCGGCACGGGCAUGUCAUGAGUGCUACGCCUUAAACAG
UUGAGCCAUUUUUUAAGCGCUUUAUCUGCAUACCUGAUCCUGAAAAUGCUGACACAGA,CAUAACUUAACUUGCUAGCGCGUUUGAGGAGGCAGUUCUGGGGGACAUCCAAAUACCC
CAAGACUUCUCGCCCCCAGCAAUCGCGCUUUGAGGGCUACUAGUGACCCUCGCA,CAUUAACACGUUCAACCAGUGCGCGCAUAUUAUAUUCUGACCCGGCGCUCCGUC
CUUGGCCAUGGCAGCGACGUUGAACAAAAUUUUGCCUGUUAAAUACC,UCGCAGGCAGACGCUCCAUAGCCGAACCGCCCGACUCGGACGUCUUA
UCACUCGGGAUUACCAGAAGCG,AUGUUGAUCAAUUAUUGCCCUU
GGAUUAAGUUAAUGCCGCAUUUUAUAG,CGCAUCGCACGAAAUCUAGUGGCAGGA
AUGUUGAACAGGCCAGGCUUUAAAUGAAUUCCUCUUCUGCUAUUCCCAGUCCUGAAG,UUAAAAGCCACAUGACACAGCACCCGUAUUUAGUUCGUAAGGGGCCGCUUUCGUCAU
UGACAGUUACCGGUAGCCGCG,UAGGGCAUACUUAAAUAUACA
ACGAGAGGACUGUUUCAUGCACUCUUCUCGCAAGACAUCUGCCCCUGGGUAAGACUACUA,CCAUCCGGCGGUUGCACAUACAGGGCUUACUUGUUCUCAUGCCUUAAAACUUUGACCGCU
CCAUGUUUUUACGUUAUUUAAAAAGCUGAUAAAAC,CCCAUCAUCUGAGCACCAGAUACAGGACGGGUCAA
CUCCUCAAGUGCUCUGAAUUGCCGAUGAUUCGUUUACAUGCUAUCUUGACGCCUACUCGCA,AUCAUGCCCUUAUCAGCAAGCGUGAUACGAAAUGGUACGUUACAAUGCUGCAGCAUCGAGA
UUCUUUAGGCGAUGGGAGGGAGG,CGAACACAUGUUACGGUAUGCUU
