UUUACUCUUCUUACUGGUGCUAU,UAGCACCAUCUGAAAUCGGUUA
GAGCAGCCUAACACGGUGCUCA,UAGCACCAUCUGAAAUCGGUUA
AAAACUGCAAAGCUCGGUGCUCC,UAGCACCAUCUGAAAUCGGUUA
UUUUUUAAAGCAUAUUGGUGCUA,UAGCACCAUCUGAAAUCGGUUA
UUUUCAAUAACUUAUUGGUGCUG,UAGCACCAUCUGAAAUCGGUUA
GCGUGUCCUACACAAUGGUGCUA,UAGCACCAUCUGAAAUCGGUUA
CCCCGACUUCAUAAUGGUGCUU,UAGCACCAUCUGAAAUCGGUUA
AGGAAAUACGAGGGGUGGUGCUA,UAGCACCAUCUGAAAUCGGUUA
AACAUGUUCCCCAUCUGGUGCUC,UAGCACCAUCUGAAAUCGGUUA
AGCUUUGAAGCCAAGGUGCUA,UAGCACCAUCUGAAAUCGGUUA
AGAGGCCUUUAACCAUGGUGCUU,UAGCACCAUCUGAAAUCGGUUA
CCCAACAACAUGAAACUGCCUA,UAGGUAGUUUCAUGUUGUUGGG
CCCAACAACUGAGACUGCCUA,UAGGUAGUUUCAUGUUGUUGGG
AAGUGAAUCUCACUACUACCUA,UAGGUAGUUUCAUGUUGUUGGG
CGAGGCACCCCCAAACUACCUA,UAGGUAGUUUCAUGUUGUUGGG
GCGCGUCCAAAAUACUACCUA,UAGGUAGUUUCAUGUUGUUGGG
CUACUCCCCUAAAACUACCUA,UAGGUAGUUUCAUGUUGUUGGG
ACUCUGGGUUUUACAGCAUUAAC,UUAAUGCUAAUCGUGAUAGGGGU
AUGUUGAGCUAAGAAGCAUUAAG,UUAAUGCUAAUCGUGAUAGGGGU
UCGGAGGGGUGAAAGCAUUAA,UUAAUGCUAAUCGUGAUAGGGGU
AUUUUGUUUUAGCAUUAA,UUAAUGCUAAUCGUGAUAGGGGU
AUUAAUAUGGGGAUGCAGCAUUA,UUAAUGCUAAUCGUGAUAGGGGU
ACCUAUAAACAGUUUAGCAUUAAG,UUAAUGCUAAUCGUGAUAGGGGU
AUCCUCAAAGAAAGUGUAUUGG,UUAAUGCUAAUCGUGAUAGGGGU
CCCCAGACUAGAUGUAGUAUUUU,UUAAUGCUAAUCGUGAUAGGGGU
AGCCAACUAUGAUUAUUAA,UUAAUGCUAAUCGUGAUAGGGGU
