AAUGCUUAUCAUCUAAAGAU,UAGCAGCACGUAAAUAUUGGCG
AGGACCUAUGUCCUCACACCAUUG,UAGCAGCACGUAAAUAUUGGCG
CCCGUUUUAUUCCAGUUUUAU,UGUGCAAAUCUAUGCAAAACUGA
CUGUCACCAACUGAAGUGGCU,UGUGCAAAUCUAUGCAAAACUGA
ACCCUUUUGACCUUACACAU,UGUGCAAAUCUAUGCAAAACUGA
AGAUUUAUGAUGCACUUAUU,UGUGCAAAUCUAUGCAAAACUGA
CCAAUAUGUAACAUGGAGGG,UGUGCAAAUCUAUGCAAAACUGA
AAUAUUUUCUUAGACUUUUUGG,UGUGCAAAUCUAUGCAAAACUGA
AAAAAUUUCAGUCUGUUAA,UGUGCAAAUCUAUGCAAAACUGA
GAAUCGCUGUACUACAGGA,UGUGCAAAUCUAUGCAAAACUGA
AAUCCUGUCGAUUAGA,UGUGCAAAUCUAUGCAAAACUGA
UUGGCAGGCUGAUUUCUAGGUAGGAAAU,UGUGCAAAUCUAUGCAAAACUGA
AUGAUGUGGGAGACCGCUGUG,UGUGCAAAUCUAUGCAAAACUGA
UGUGACCACGAUGAUGACAACG,UGUGCAAAUCUAUGCAAAACUGA
GCCCCAUCAAUGGAGGCUGGGGU,UGUGCAAAUCUAUGCAAAACUGA
AUGCCCCAACGAAUGCUGCU,UGGCAGUGUCUUAGCUGGUUGU
GGAUGAGUGCGUCAUAGC,UGGCAGUGUCUUAGCUGGUUGU
ACUGAAUUACGCAUAAG,UGGCAGUGUCUUAGCUGGUUGU
GUUUUUUAUAAUUUAAAU,UGGCAGUGUCUUAGCUGGUUGU
UUUUAAAAUAUUUUUCCAAA,UGGCAGUGUCUUAGCUGGUUGU
GACUUUAAAAGUGAUCUACA,UGGCAGUGUCUUAGCUGGUUGU
CUGGGGACGCUCCGCUGCCG,UGGCAGUGUCUUAGCUGGUUGU
GGAGAGGGAGCUUUGUGUU,UGGCAGUGUCUUAGCUGGUUGU
UUGUGUGUUUUGUUGAAUUUUU,UGGCAGUGUCUUAGCUGGUUGU
CAUUGCUGUGCUUUGGGGAUUCC,UGGCAGUGUCUUAGCUGGUUGU
CAGGGCAGGAUCCACGUGCC,UGGCAGUGUCUUAGCUGGUUGU
UUUUAAUAUUUGUUAUCAUU,UGGCAGUGUCUUAGCUGGUUGU
