SEQ1,SEQ2,ALIGNMENU,,,,,,,,,,,,,,,,,,,,,,
UGGAACUCACUGGAAAGUGAC,ACCUUUAGGGACCGUUACACUA,U,G,G,A,A,C,U,C,A,C,U,G,G,-,A,A,A,G,U,G,A,C,
AGGACUUUUUUGAUUAAGUGGU,ACCUUUAGGGACCGUUACACUA,A,G,G,A,C,U,U,U,U,U,U,G,A,U,U,A,A,-,G,U,G,G,U
AGCCUUGAUAAUACUUGAC,UUCAAGUAAUCCAGGAUAGGCU,,,,,,,,,,,,,,,,,,,,,,,
UAAAAUUGUAUCAAAUGUGAC,AUCACAUUGCCAGGGAUUUCC,,,,,,,,,,,,,,,,,,,,,,,
UUGAAUCAUUUUAAUGUGAC,AUCACAUUGCCAGGGAUUUCC,,,,,,,,,,,,,,,,,,,,,,,
AACAAUUCCAGUAAAUGUGAA,AUCACAUUGCCAGGGAUUUCC,,,,,,,,,,,,,,,,,,,,,,,
GAGCCCAAGCCGGUGAGAAUGUGAA,AUCACAUUGCCAGGGAUUUCC,,,,,,,,,,,,,,,,,,,,,,,
UAGAGUUGAUGCUUAAUGUGAU,AUCACAUUGCCAGGGAUUUCC,,,,,,,,,,,,,,,,,,,,,,,
UAAAAUUAAAUGGCUUUUAAAAAUGUGAU,AUCACAUUGCCAGGGAUUUCC,,,,,,,,,,,,,,,,,,,,,,,
UGGAGGCCGUGGCGGAACUGAG,AUCACAUUGCCAGGGAUUUCC,,,,,,,,,,,,,,,,,,,,,,,
AGGACUUUUUUGAUUAAGUGGU,AUCACAUUGCCAGGGAUUUCC,,,,,,,,,,,,,,,,,,,,,,,
CGAGAUUUCUUUUUUAUGUGAU,AUCACAUUGCCAGGGAUUUCC,,,,,,,,,,,,,,,,,,,,,,,
CCCUGGCUUUAAUGUGA,AUCACAUUGCCAGGGAUUUCC,,,,,,,,,,,,,,,,,,,,,,,
GAAGUUCAUACCUAAGUACUGUA,UACAGUACUGUGAUAACUGAA,,,,,,,,,,,,,,,,,,,,,,,
UCUCUGUUAUGUACUGUA,UACAGUACUGUGAUAACUGAA,,,,,,,,,,,,,,,,,,,,,,,
GUACAGUACAGUACUGAA,UACAGUACUGUGAUAACUGAA,,,,,,,,,,,,,,,,,,,,,,,
AUGUCAUUUAAUUACUUAAGCC,UACAGUACUGUGAUAACUGAA,,,,,,,,,,,,,,,,,,,,,,,
UUGUCACUGACAUUUAAUGGUACUGU,UACAGUACUGUGAUAACUGAA,,,,,,,,,,,,,,,,,,,,,,,
CUUCAGGAACCUCGAGUACUGUG,UACAGUACUGUGAUAACUGAA,,,,,,,,,,,,,,,,,,,,,,,
UUCUGAAUUUGCAAAGUACUGUA,UACAGUACUGUGAUAACUGAA,,,,,,,,,,,,,,,,,,,,,,,
UUCACAUCCUACCCCUUUGCACU,UGUGCAAAUCUAUGCAAAACUGA,,,,,,,,,,,,,,,,,,,,,,,
UGAAUUUUGCAGUUUUGCACA,UGUGCAAAUCUAUGCAAAACUGA,,,,,,,,,,,,,,,,,,,,,,,
CCGGCCGCCUGCGGCACUGCCU,UGGCAGUGUCUUAGCUGGUUGU,,,,,,,,,,,,,,,,,,,,,,,
AUAAGAAGCAUGCACUGCCU,UGGCAGUGUCUUAGCUGGUUGU,,,,,,,,,,,,,,,,,,,,,,,
UUUUCUGGGGAAAGACACUGCCU,UGGCAGUGUCUUAGCUGGUUGU,,,,,,,,,,,,,,,,,,,,,,,
ACAGCCUGAGCGUCCACUGCCA,UGGCAGUGUCUUAGCUGGUUGU,,,,,,,,,,,,,,,,,,,,,,,
GCAAUUAAUUUGUAAACACUGCCA,UGGCAGUGUCUUAGCUGGUUGU,,,,,,,,,,,,,,,,,,,,,,,
AUCGAUACAGAAACCACGCUGCCG,UGGCAGUGUCUUAGCUGGUUGU,,,,,,,,,,,,,,,,,,,,,,,
UCGAAUCAGCUAUUUACUGCCA,UGGCAGUGUCUUAGCUGGUUGU,,,,,,,,,,,,,,,,,,,,,,,
AAAACUGGACAGUCACUGCCA,UGGCAGUGUCUUAGCUGGUUGU,,,,,,,,,,,,,,,,,,,,,,,
CUGUACUAAUUCUUACACUGCCU,UGGCAGUGUCUUAGCUGGUUGU,,,,,,,,,,,,,,,,,,,,,,,
ACACCCAGCUAGGACCAUUACUGCCA,UGGCAGUGUCUUAGCUGGUUGU,,,,,,,,,,,,,,,,,,,,,,,
GAUGAGGAGGACAACACUGCCU,UGGCAGUGUCUUAGCUGGUUGU,,,,,,,,,,,,,,,,,,,,,,,
CUCAGUGCCACUUAACAUUCCU,UGGAAUGUAAAGAAGUAUGUAU,,,,,,,,,,,,,,,,,,,,,,,
CUGCACAUUCCU,UGGAAUGUAAAGAAGUAUGUAU,,,,,,,,,,,,,,,,,,,,,,,
ACAUUCCG,UGGAAUGUAAAGAAGUAUGUAU,,,,,,,,,,,,,,,,,,,,,,,
GGGCAUGGUAUUUGAGACAUUCCA,UGGAAUGUAAAGAAGUAUGUAU,,,,,,,,,,,,,,,,,,,,,,,
GCUUUUCCUUUUGCACAUUCCA,UGGAAUGUAAAGAAGUAUGUAU,,,,,,,,,,,,,,,,,,,,,,,
UUACUAAUUUGUUUGACAUUCCA,UGGAAUGUAAAGAAGUAUGUAU,,,,,,,,,,,,,,,,,,,,,,,
CUGAUUUUCUAAUCACAUUCCU,UGGAAUGUAAAGAAGUAUGUAU,,,,,,,,,,,,,,,,,,,,,,,
GCUCAGCUGCCUGGGCAUUCCU,UGGAAUGUAAAGAAGUAUGUAU,,,,,,,,,,,,,,,,,,,,,,,
ACGCACUGACUUUGAUAUUCCA,UGGAAUGUAAAGAAGUAUGUAU,,,,,,,,,,,,,,,,,,,,,,,
UAAAAAACAUUUGUACAUUCCU,UGGAAUGUAAAGAAGUAUGUAU,,,,,,,,,,,,,,,,,,,,,,,
AGCUUCAAGACUUUGCAUUUCC,UGGAAUGUAAAGAAGUAUGUAU,,,,,,,,,,,,,,,,,,,,,,,
UAACCCCCACACCCCCAUUCCG,UGGAAUGUAAAGAAGUAUGUAU,,,,,,,,,,,,,,,,,,,,,,,
GCCCAGGUUUCUGCAUCUUGCACUU,CAGUGCAAUGUUAAAAGGGCAU,,,,,,,,,,,,,,,,,,,,,,,
AGCCAGUUCUGACAGUGUU,UAACACUGUCUGGUAAAGAUGG,,,,,,,,,,,,,,,,,,,,,,,
GAGCCUUGGUUCAUCAGUGUUA,UAACACUGUCUGGUAAAGAUGG,,,,,,,,,,,,,,,,,,,,,,,
CUGCUGAAGUUCUGAGCC,UGGCUCAGUUCAGCAGGAACAG,,,,,,,,,,,,,,,,,,,,,,,
ACCUGGCUGAGGAGCUGGGCCA,UGGCUCAGUUCAGCAGGAACAG,,,,,,,,,,,,,,,,,,,,,,,
GUUACUGGCUUCUCUUGAGUCA,UGGCUCAGUUCAGCAGGAACAG,,,,,,,,,,,,,,,,,,,,,,,
CUCUCACAGGCAGCUCUGAGCCG,UGGCUCAGUUCAGCAGGAACAG,,,,,,,,,,,,,,,,,,,,,,,
UUAGUGUCAGCCGUGGGAAAUGAGCCA,UGGCUCAGUUCAGCAGGAACAG,,,,,,,,,,,,,,,,,,,,,,,
CUUCUCCAAGACCCCAACUGAGUCC,UGGCUCAGUUCAGCAGGAACAG,,,,,,,,,,,,,,,,,,,,,,,
CUUUGCCUUUAUCUCUGAGGCU,UGGCUCAGUUCAGCAGGAACAG,,,,,,,,,,,,,,,,,,,,,,,
UUCCUCGGGUUCAAAGCUGGA,GUCCAGUUUUCCCAGGAAUCCCU,,,,,,,,,,,,,,,,,,,,,,,
CUCAACUGGAC,GUCCAGUUUUCCCAGGAAUCCCU,,,,,,,,,,,,,,,,,,,,,,,
UCAGGAUUUCAUUGACUGAACUGCAC,GUCCAGUUUUCCCAGGAAUCCCU,,,,,,,,,,,,,,,,,,,,,,,
AAUGUAAACUGCCUCAAAUUGGAC,GUCCAGUUUUCCCAGGAAUCCCU,,,,,,,,,,,,,,,,,,,,,,,
ACACAUUGUUGCUGCUA,UAGCAGCACAUAAUGGUUUGUG,,,,,,,,,,,,,,,,,,,,,,,
AAUAUCCAAUCCUGUGCUGCUA,UAGCAGCACAUAAUGGUUUGUG,,,,,,,,,,,,,,,,,,,,,,,
UUCAGGACAUUGCUGUGC,UAGCAGCACAUAAUGGUUUGUG,,,,,,,,,,,,,,,,,,,,,,,
AUAUUUAAGCUGCUGCU,UAGCAGCACGUAAAUAUUGGCG,,,,,,,,,,,,,,,,,,,,,,,
AAUAUCCAAUCCUGUGCUGCUA,UAGCAGCACGUAAAUAUUGGCG,,,,,,,,,,,,,,,,,,,,,,,
CCAAUCCUGUGCUGCUA,UAGCAGCACGUAAAUAUUGGCG,,,,,,,,,,,,,,,,,,,,,,,
AUAUCCAAUCCUGUGCUGCUA,UAGCAGCACGUAAAUAUUGGCG,,,,,,,,,,,,,,,,,,,,,,,
GCCGCAGCUCCAUUUUCUUAUUGCGCUGCUAC,UAGCAGCACGUAAAUAUUGGCG,,,,,,,,,,,,,,,,,,,,,,,
UCUCUUUCACAUUGUUUGCUGCUAU,UAGCAGCACGUAAAUAUUGGCG,,,,,,,,,,,,,,,,,,,,,,,
GCCGCCACCUGAGGUGGGGCUGGGGGCUGCUCCCCUAA,UAGCAGCACGUAAAUAUUGGCG,,,,,,,,,,,,,,,,,,,,,,,
GAUACCAAAUGCCUGCUGCUACCA,UAGCAGCACGUAAAUAUUGGCG,,,,,,,,,,,,,,,,,,,,,,,
UUUAAACCAAUUGCUGCUA,UAGCAGCACGUAAAUAUUGGCG,,,,,,,,,,,,,,,,,,,,,,,
CAGAUAGCACUGGG,CCCAGUGUUUAGACUAUCUGUUC,,,,,,,,,,,,,,,,,,,,,,,
AGCUUUGUACUGUGGAAUGUGCU,AGCAGCAUUGUACAGGGCUAUGA,,,,,,,,,,,,,,,,,,,,,,,
UCUUAAGCAUGUGUAAUGCUGGA,AGCAGCAUUGUACAGGGCUAUGA,,,,,,,,,,,,,,,,,,,,,,,
CCCAACAACAUGAAACUGCCUA,UAGGUAGUUUCAUGUUGUUGGG,,,,,,,,,,,,,,,,,,,,,,,
CCAACAACAUGAAACUGCCUA,UAGGUAGUUUCAUGUUGUUGGG,,,,,,,,,,,,,,,,,,,,,,,
CCCAACAACUGAGACUGCCUA,UAGGUAGUUUCAUGUUGUUGGG,,,,,,,,,,,,,,,,,,,,,,,
CUCAACAACGUAAACUUCCUA,UAGGUAGUUUCAUGUUGUUGGG,,,,,,,,,,,,,,,,,,,,,,,
GCGCGUCCAAAAUACUACCUA,UAGGUAGUUUCAUGUUGUUGGG,,,,,,,,,,,,,,,,,,,,,,,
CGAGGCACCCCCAAACUACCUA,UAGGUAGUUUCAUGUUGUUGGG,,,,,,,,,,,,,,,,,,,,,,,
AAGUGAAUCUCACUACUACCUA,UAGGUAGUUUCAUGUUGUUGGG,,,,,,,,,,,,,,,,,,,,,,,
CUACUCCCCUAAAACUACCUA,UAGGUAGUUUCAUGUUGUUGGG,,,,,,,,,,,,,,,,,,,,,,,
CUGCAGGCAGACACGGAUCUGA,UCGGAUCCGUCUGAGCUUGGCU,,,,,,,,,,,,,,,,,,,,,,,
ACAGUCCAUGAAAUUGUGACACUCCAC,UGGAGUGUGACAAUGGUGUUUG,,,,,,,,,,,,,,,,,,,,,,,
GGAAAUGGCCAUGUCAUCACCCCU,UGGAGUGUGACAAUGGUGUUUG,,,,,,,,,,,,,,,,,,,,,,,
GCCAGCACCAUUUCACACACACUCCU,UGGAGUGUGACAAUGGUGUUUG,,,,,,,,,,,,,,,,,,,,,,,
UCAGACUAGAUUGAACACUCCA,UGGAGUGUGACAAUGGUGUUUG,,,,,,,,,,,,,,,,,,,,,,,
ACUGGAAAAGUGGGGACCAG,UUUGGUCCCCUUCAACCAGCUA,,,,,,,,,,,,,,,,,,,,,,,
GUGGCAGUUUUCUAAAACUGACAACCAGGUGGGACCAA,UUUGGUCCCCUUCAACCAGCUA,,,,,,,,,,,,,,,,,,,,,,,
AAAGCCAGGAACAGGGACCAG,UUUGGUCCCCUUCAACCAGCUA,,,,,,,,,,,,,,,,,,,,,,,
UUUGACAGAAACUGACA,UGUCAGUUUGUCAAAUACCCCA,,,,,,,,,,,,,,,,,,,,,,,
AGGGGUCAGAUAUCCACUGACC,UGUCAGUUUGUCAAAUACCCCA,,,,,,,,,,,,,,,,,,,,,,,
CAGCCCAUCCAUAGUAACUGACA,UGUCAGUUUGUCAAAUACCCCA,,,,,,,,,,,,,,,,,,,,,,,
UUUGUUCUGAGAACUGACU,UGUCAGUUUGUCAAAUACCCCA,,,,,,,,,,,,,,,,,,,,,,,
UUAGUUUGGAUUCUUAUGUAGCA,AGCUACAUUGUCUGCUGGGUUUC,,,,,,,,,,,,,,,,,,,,,,,
CUCUAAAAGCGUUGGAUGUAGCA,AGCUACAUUGUCUGCUGGGUUUC,,,,,,,,,,,,,,,,,,,,,,,
UAGUUUUUACCUUUUAUGUAGCA,AGCUACAUUGUCUGCUGGGUUUC,,,,,,,,,,,,,,,,,,,,,,,
UUUGUUAGAUAGCUGCAUGUGGCU,AGCUACAUUGUCUGCUGGGUUUC,,,,,,,,,,,,,,,,,,,,,,,
AAUUUAAAAUCAUUUAUGUAGCU,AGCUACAUUGUCUGCUGGGUUUC,,,,,,,,,,,,,,,,,,,,,,,
CUUAGUUUGGAUUCUUAUGUAGCA,AGCUACAUCUGGCUACUGGGU,,,,,,,,,,,,,,,,,,,,,,,
CUCUAAAAGCGUUGGAUGUAGCA,AGCUACAUCUGGCUACUGGGU,,,,,,,,,,,,,,,,,,,,,,,
UAGUUUUUACCUUUUAUGUAGCA,AGCUACAUCUGGCUACUGGGU,,,,,,,,,,,,,,,,,,,,,,,
GUUUGUUAGAUAGCUGCAUGUGGCU,AGCUACAUCUGGCUACUGGGU,,,,,,,,,,,,,,,,,,,,,,,
CUCUAAAAGCGUUGGAUGUAGCA,AGCUACAUCUGGCUACUGGGU,,,,,,,,,,,,,,,,,,,,,,,
UAGUUUUUACCUUUUAUGUAGCA,AGCUACAUCUGGCUACUGGGU,,,,,,,,,,,,,,,,,,,,,,,
AAUUUAAAAUCAUUUAUGUAGCU,AGCUACAUCUGGCUACUGGGU,,,,,,,,,,,,,,,,,,,,,,,
UCUACCAGAACUAAGCACUUUG,CAAAGUGCUUACAGUGCAGGUAG,,,,,,,,,,,,,,,,,,,,,,,
AAUACCUGCAAUAUAAGCAAGAGG,CAAAGUGCUUACAGUGCAGGUAG,,,,,,,,,,,,,,,,,,,,,,,
GAGACUCUGCGCAGAGCACUUUG,CAAAGUGCUUACAGUGCAGGUAG,,,,,,,,,,,,,,,,,,,,,,,
ACACAUGCAGUAGCACUUUG,CAAAGUGCUUACAGUGCAGGUAG,,,,,,,,,,,,,,,,,,,,,,,
AUUCCAUUUCCAAGCACUUUCAGUCCAAUA,CAAAGUGCUUACAGUGCAGGUAG,,,,,,,,,,,,,,,,,,,,,,,
UUCACUACCAAAUGAGCAUUAG,UUAAUGCUAAUCGUGAUAGGGGU,,,,,,,,,,,,,,,,,,,,,,,
ACCUAUAAACAGUUUAGCAUUAAG,UUAAUGCUAAUCGUGAUAGGGGU,,,,,,,,,,,,,,,,,,,,,,,
UUCACUACCAAAUGAGCAUUAG,UUAAUGCUAAUCGUGAUAGGGGU,,,,,,,,,,,,,,,,,,,,,,,
AGCCAACUAUGAUUAUUAA,UUAAUGCUAAUCGUGAUAGGGGU,,,,,,,,,,,,,,,,,,,,,,,
AUCCUCAAAGAAAGUGUAUUGG,UUAAUGCUAAUCGUGAUAGGGGU,,,,,,,,,,,,,,,,,,,,,,,
CCCCAGACUAGAUGUAGUAUUUU,UUAAUGCUAAUCGUGAUAGGGGU,,,,,,,,,,,,,,,,,,,,,,,
UGCAGGAUUUUUAGAGCAUUAAA,UUAAUGCUAAUCGUGAUAGGGGU,,,,,,,,,,,,,,,,,,,,,,,
CUGAGAUGCCUGGUGAGCAUUAC,UUAAUGCUAAUCGUGAUAGGGGU,,,,,,,,,,,,,,,,,,,,,,,
UCUUCCAAAGCAGAGAGCAUUAU,UUAAUGCUAAUCGUGAUAGGGGU,,,,,,,,,,,,,,,,,,,,,,,
ACCAGUGGUCUCACAUGGUGCUA,UAGCACCAUUUGAAAUCAGUGUU,,,,,,,,,,,,,,,,,,,,,,,
AGGCUAGUCUAACCAUGGUGCUA,UAGCACCAUUUGAAAUCAGUGUU,,,,,,,,,,,,,,,,,,,,,,,
UCCUCUGGAGCUUUGAAGCCAAGGUGCUA,UAGCACCAUUUGAAAUCAGUGUU,,,,,,,,,,,,,,,,,,,,,,,
CAACCCGACUUCAUAAUGGUGCUU,UAGCACCAUUUGAAAUCAGUGUU,,,,,,,,,,,,,,,,,,,,,,,
UUUACUCUUCUUACUGGUGCUA,UAGCACCAUUUGAAAUCAGUGUU,,,,,,,,,,,,,,,,,,,,,,,
AACAUGUUCCCCAUCUGGUGCUC,UAGCACCAUUUGAAAUCAGUGUU,,,,,,,,,,,,,,,,,,,,,,,
AGGAAAUACGAGGGGUGGUGCUA,UAGCACCAUUUGAAAUCAGUGUU,,,,,,,,,,,,,,,,,,,,,,,
AGAGGCCUUUAACCAUGGUGCUU,UAGCACCAUUUGAAAUCAGUGUU,,,,,,,,,,,,,,,,,,,,,,,
AACCCGACUUCAUAAUGGUGCUU,UAGCACCAUUUGAAAUCAGUGUU,,,,,,,,,,,,,,,,,,,,,,,
GCACAAUUUGCCUCAAAUCCAUUCCAAGUUG,UAGCACCAUUUGAAAUCAGUGUU,,,,,,,,,,,,,,,,,,,,,,,
UCAAAUAAACACUGUGUAAGCU,UAGCUUAUCAGACUGAUGUUGA,,,,,,,,,,,,,,,,,,,,,,,
CUUAAUAUUUGCAUGAUAAGCUA,UAGCUUAUCAGACUGAUGUUGA,,,,,,,,,,,,,,,,,,,,,,,
AGUGGAAUAUUCUAAUAAGCUA,UAGCUUAUCAGACUGAUGUUGA,,,,,,,,,,,,,,,,,,,,,,,
AGUGGAAUAUUCUAAUAAGCUA,UAGCUUAUCAGACUGAUGUUGA,,,,,,,,,,,,,,,,,,,,,,,
AAUAUUCUAAUAAGCUA,UAGCUUAUCAGACUGAUGUUGA,,,,,,,,,,,,,,,,,,,,,,,
AGUGGAAUAUUCUAAUAAGCUA,UAGCUUAUCAGACUGAUGUUGA,,,,,,,,,,,,,,,,,,,,,,,
UAAAGUUGGUUGGAUAAGCUA,UAGCUUAUCAGACUGAUGUUGA,,,,,,,,,,,,,,,,,,,,,,,
GUCUCACAGUUUGAAAUAAGCUA,UAGCUUAUCAGACUGAUGUUGA,,,,,,,,,,,,,,,,,,,,,,,
GUUUCACAGUUUGAAAUAAGCUA,UAGCUUAUCAGACUGAUGUUGA,,,,,,,,,,,,,,,,,,,,,,,
AUUGACUUCAAGAUAAUAAGCUGCU,UAGCUUAUCAGACUGAUGUUGA,,,,,,,,,,,,,,,,,,,,,,,
GGAAUAUUCUAAUAAGCUACCUU,UAGCUUAUCAGACUGAUGUUGA,,,,,,,,,,,,,,,,,,,,,,,
AGUGGAAUAUUCUAAUAAGCUA,UAGCUUAUCAGACUGAUGUUGA,,,,,,,,,,,,,,,,,,,,,,,
AUCAACAACAAGAGAUUGAAAUAAGCUAU,UAGCUUAUCAGACUGAUGUUGA,,,,,,,,,,,,,,,,,,,,,,,
ACAAAUAAGCUUUCUUGUAAGCUC,UAGCUUAUCAGACUGAUGUUGA,,,,,,,,,,,,,,,,,,,,,,,
AAUACAUUUUUAUUGGUAAGCUU,UAGCUUAUCAGACUGAUGUUGA,,,,,,,,,,,,,,,,,,,,,,,
UGGACAGGAGAAACAUAAGCUA,UAGCUUAUCAGACUGAUGUUGA,,,,,,,,,,,,,,,,,,,,,,,
UUAUUUUGCUUUUGUAUAAGCUG,UAGCUUAUCAGACUGAUGUUGA,,,,,,,,,,,,,,,,,,,,,,,
UGUUAAAAGAAGUCAUCUCAA,UGAGAUGAAGCACUGUAGCUC,,,,,,,,,,,,,,,,,,,,,,,
AAGUUACAGUUUGCACAAGUUCAUCUCAU,UGAGAUGAAGCACUGUAGCUC,,,,,,,,,,,,,,,,,,,,,,,
CACAUGCAGUAGCACUUUG,UAAAGUGCUUAUAGUGCAGGUAG,,,,,,,,,,,,,,,,,,,,,,,
AUUCCAUUUCCAAGCACUUUCAGUCCAAUA,UAAAGUGCUUAUAGUGCAGGUAG,,,,,,,,,,,,,,,,,,,,,,,
GCACUGCAGGCCUGGUACUCAGAUUUUGC,AAAGUGCUGCGACAUUUGAGCGU,,,,,,,,,,,,,,,,,,,,,,,
GGUUUUCAGGAUAUAACAGCACUUC,AAAGUGCUGCGACAUUUGAGCGU,,,,,,,,,,,,,,,,,,,,,,,
AGUUCCGAGUUUGCCCGCACGGGCACUUU,AAAGUGCUGCGACAUUUGAGCGU,,,,,,,,,,,,,,,,,,,,,,,
GGAAGCGGGUGUUGGCUGUUUCCAAAGAGAGCACUUA,AAAGUGCUGCGACAUUUGAGCGU,,,,,,,,,,,,,,,,,,,,,,,
UACCAAAAUGUUGAUGAAAAAUGGGCACUUAA,AAAGUGCUGCGACAUUUGAGCGU,,,,,,,,,,,,,,,,,,,,,,,
ACAAGGUGACGCAGCUGGACCAG,UUUGGUCCCCUUCAACCAGCUG,,,,,,,,,,,,,,,,,,,,,,,
GCCCCAAUACCCCAUGGACCAU,UUUGGUCCCCUUCAACCAGCUG,,,,,,,,,,,,,,,,,,,,,,,
CAGGCACAGGCAGGGCAGGACCAG,UUUGGUCCCCUUCAACCAGCUG,,,,,,,,,,,,,,,,,,,,,,,
GAGCUGCAGAGGAGGCUGGACCAG,UUUGGUCCCCUUCAACCAGCUG,,,,,,,,,,,,,,,,,,,,,,,
GGAAGAGCUGCAGGUGGACCAG,UUUGGUCCCCUUCAACCAGCUG,,,,,,,,,,,,,,,,,,,,,,,
GGAGCUGGCGCAGCAGGACCAC,UUUGGUCCCCUUCAACCAGCUG,,,,,,,,,,,,,,,,,,,,,,,
UGAACAUCUUCAAUGGGACCAG,UUUGGUCCCCUUCAACCAGCUG,,,,,,,,,,,,,,,,,,,,,,,
UUUGUUUCCUGGAGGGACCCC,UUUGGUCCCCUUCAACCAGCUG,,,,,,,,,,,,,,,,,,,,,,,
AACAGUGGAGGAAGAGGGACAGA,UUUGGUCCCCUUCAACCAGCUG,,,,,,,,,,,,,,,,,,,,,,,
ACAUGCACCGCCAGGGGACACA,UUUGGUCCCCUUCAACCAGCUG,,,,,,,,,,,,,,,,,,,,,,,
ACUGGUGCAUGCUGGGGACCUG,UUUGGUCCCCUUCAACCAGCUG,,,,,,,,,,,,,,,,,,,,,,,
CACGGAGCAGCCAGGGGAGGUG,UUUGGUCCCCUUCAACCAGCUG,,,,,,,,,,,,,,,,,,,,,,,
UUUCACCUUCUGGGGGGACAGU,UUUGGUCCCCUUCAACCAGCUG,,,,,,,,,,,,,,,,,,,,,,,
CCUGACCGUGGAAGGGGAGAGG,UUUGGUCCCCUUCAACCAGCUG,,,,,,,,,,,,,,,,,,,,,,,
CUCCCCCAGCCCUUGGGACCAU,UUUGGUCCCCUUCAACCAGCUG,,,,,,,,,,,,,,,,,,,,,,,
GCGGGGCCGUCAUCCAGACCAA,UUUGGUCCCCUUCAACCAGCUG,,,,,,,,,,,,,,,,,,,,,,,
GCAGUUUUUUGAAAAUGGGCUCAACCAGAA,UUUGGUCCCCUUCAACCAGCUG,,,,,,,,,,,,,,,,,,,,,,,
GCUGCAAACAAAGACUGAAAG,CUUUCAGUCGGAUGUUUGCAGC,,,,,,,,,,,,,,,,,,,,,,,
UACAAGAGAUUCUCCUGCCUCA,UGAGGUAGUAGGUUGUAUAGUU,,,,,,,,,,,,,,,,,,,,,,,
GACAGUGGAAGUUUUUUUUUCCUCU,UGAGGUAGUAGGUUGUAUAGUU,,,,,,,,,,,,,,,,,,,,,,,
AUUAGUGUCAUCUUGCCUC,UGAGGUAGUAGGUUGUAUAGUU,,,,,,,,,,,,,,,,,,,,,,,
AAUGCCCUACAUCUUAUUUUCCUCA,UGAGGUAGUAGGUUGUAUAGUU,,,,,,,,,,,,,,,,,,,,,,,
GGUUCAAGCGAUUCUCGUGCCUCG,UGAGGUAGUAGGUUGUAUAGUU,,,,,,,,,,,,,,,,,,,,,,,
GGCUGGUCCGAACUCCUGACCUCA,UGAGGUAGUAGGUUGUAUAGUU,,,,,,,,,,,,,,,,,,,,,,,
GAUUCACCCACCUUGGCCUCA,UGAGGUAGUAGGUUGUAUAGUU,,,,,,,,,,,,,,,,,,,,,,,
GGGUGUUAAGACUUGACACAGUACCUCG,UGAGGUAGUAGGUUGUAUAGUU,,,,,,,,,,,,,,,,,,,,,,,
AGUGCUUAUGAGGGGAUAUUUAGGCCUC,UGAGGUAGUAGGUUGUAUAGUU,,,,,,,,,,,,,,,,,,,,,,,
AGUUCUCAGAAUAACUACCUCCUCA,UGAGGUAGUAGGUUGUAUAGUU,,,,,,,,,,,,,,,,,,,,,,,
GGCUGUCUGACCAGAGAAUGCACCUC,UGAGGUAGUAGGUUGUAUAGUU,,,,,,,,,,,,,,,,,,,,,,,
ACAGCACAAACACACCUC,UGAGGUAGUAGGUUGUAUAGUU,,,,,,,,,,,,,,,,,,,,,,,
AGCUGUGAUCAGUGAUUUUCAAACCUCA,UGAGGUAGUAGGUUGUAUAGUU,,,,,,,,,,,,,,,,,,,,,,,
AAUUGCCUUCAAUCCCCUUCUCACCCCACCUC,UGAGGUAGUAGGUUGUAUAGUU,,,,,,,,,,,,,,,,,,,,,,,
AUCUAAAUACUUACUGAGGUCCUC,UGAGGUAGUAGGUUGUAUAGUU,,,,,,,,,,,,,,,,,,,,,,,
AAUUUUCCUGAGGCUUAUCACCUCA,UGAGGUAGUAGGUUGUAUAGUU,,,,,,,,,,,,,,,,,,,,,,,
GAUUGCUGAAAAGAAUUCUAGUUUACCUCA,UGAGGUAGUAGGUUGUAUAGUU,,,,,,,,,,,,,,,,,,,,,,,
AACAGGAACUAUUGGCCUC,UGAGGUAGUAGGUUGUAUAGUU,,,,,,,,,,,,,,,,,,,,,,,
ACAACAUUGCUUAAGUCCUACCUCA,UGAGGUAGUAGGUUGUAUAGUU,,,,,,,,,,,,,,,,,,,,,,,
GAAGUGAUAAUUUCUAUCUACCUCA,UGAGGUAGUAGGUUGUAUAGUU,,,,,,,,,,,,,,,,,,,,,,,
CUGCAUUACACCUACCUCA,UGAGGUAGUAGGUUGUAUAGUU,,,,,,,,,,,,,,,,,,,,,,,
UGUUAAAAAAAAAUUGUCUACCUCA,UGAGGUAGUAGGUUGUAUAGUU,,,,,,,,,,,,,,,,,,,,,,,
CCAACGUUCGAUUUCUACCUCA,UGAGGUAGUAGGUUGUAUAGUU,,,,,,,,,,,,,,,,,,,,,,,
GACCUGAAUACCACUUACCUCA,UGAGGUAGUAGGUUGUAUAGUU,,,,,,,,,,,,,,,,,,,,,,,
CCCACUACUCAAUACUACCUC,UGAGGUAGUAGGUUGUAUAGUU,,,,,,,,,,,,,,,,,,,,,,,
ACCCUCCAAGUCUGUACCUCA,UGAGGUAGUAGGUUGUAUAGUU,,,,,,,,,,,,,,,,,,,,,,,
UGACUUGCAAAGACCUACCUC,UGAGGUAGUAGGUUGUAUAGUU,,,,,,,,,,,,,,,,,,,,,,,
AUCAAAACACACUACUACCUC,UGAGGUAGUAGGUUGUAUAGUU,,,,,,,,,,,,,,,,,,,,,,,
UCUUAAGUCCCAGUAUACCUCA,UGAGGUAGUAGGUUGUAUAGUU,,,,,,,,,,,,,,,,,,,,,,,
UGCACUGUAACUAUAAUACCUCU,UGAGGUAGUAGGUUGUAUAGUU,,,,,,,,,,,,,,,,,,,,,,,
UGUUCAACAACAGUUACCUCA,UGAGGUAGUAGGUUGUAUAGUU,,,,,,,,,,,,,,,,,,,,,,,
